발생차수,가축전염병명 ,농장 소재지 ,축산계열화사업자명,가축전염병 발생일,가축의 종류,사육규모,가축전염병 예방확산 방지를 위한 정보
1 ,고병원성조류인플루엔자(HPAI),전북 정읍 소성면 기린리,다솔,20.11.26,육용오리," 19,000 "," ◦ 축사 측‧후면에 생석회가 도포되지 않았고, 농장 진출입로에도 흔적 수준의 생석회 도포 등 생석회 벨트 구축 미흡
 ◦ 농장 옆 텃밭에서 쪽문을 통해 소독조치 없이 축사 출입
    * 텃밭 인접 농수로에 야생조류 먹이인 우렁이, 다슬기 등 서식, 야생조류 
      폐사체 발견
 ◦ 축산차량 GPS 기록 및 출입기록부 대조 결과, 출입기록 일부 누락 및 방역복 미착용
 ◦ 최근 농장에 외부인 7명(차량 5대)이 농장 방문시, 출입  차량 및 대인 소독 미실시   
 ◦ 축사 옆면 울타리 일부가 훼손되어 쥐 등 소형 야생동물 출입 가능"
2 ,고병원성조류인플루엔자(HPAI),경북 상주 공성면 무곡리,해당없음,20.12.1,산란계," 188,000 "," ◦ 농장입구‧농장둘레 등 축사 주변 생석회 도포 미흡
 ◦ 농장 출입자에 대한 대인소독 일부 미실시
 ◦ 종사자가 계사와 계란집하장을 소독조치 없이 수시 왕래
 ◦ 임대용 파레트를 GP 센터 옆쪽 벽면에 방치
 ◦ 계사에서 GP로 연결되는 계란 컨베이어 밸트와 계사 사이에 틈이 있어 야생조수류 침입 가능
 ◦ 계사에서 퇴비장으로 가는 계분 컨베이어 밸트와 계사 사이에 틈이 있어 야생조수류 침입 가능
 ◦ 축산차량 GPS 기록 및 출입기록부 대조 결과, 출입기록 일부 누락"
3 ,고병원성조류인플루엔자(HPAI),전남 영암 시종면 신학리,제이디팜,20.12.4,육용오리," 9,800 "," ◦ 농장 진입로 및 농장 울타리 둘레 외부에 생석회 도포 미흡
 ◦ 축산차량 GPS기록 및 출입기록부 대조 결과 출입기록 일부 누락
 ◦ 외부 울타리가 일부 넘어져 있고 축사(비닐하우스) 일부에 구멍
 ◦ 분동 장비 사용 후 비닐 등으로 덮지 않고 야외 보관
 ◦ 축사별 전용 장화가 비치되어 있으나 갈아신지 않음
 ◦ 일자별 폐사 기록은 있으나, 축사별 폐사 기록 없음"
4 ,고병원성조류인플루엔자(HPAI),경기 여주 가남읍 은봉리,해당없음,20.12.6,산란계," 193,000 "," ◦ 중추 하차 인력이 축산차량으로 등록되지 않은 렌트카로 농장에 출입
 ◦ 축산차량 GPS기록 및 출입기록부 대조 결과 출입기록 일부 누락
 ◦ 농장 진입로 및 농장 울타리 둘레 외부에 생석회 도포 미흡
 ◦ 계사에서 GP로 이어지는 계란 컨베이어 벨트가 외부에 노출
 ◦ 대인소독실 및 CCTV를 고장난 상태로 방치
 ◦ 왕겨를 쏟아 외부에 노출된 상태로 보관
 ◦ 닭 수송상자를 외부에 노출된 상태로 보관
 ◦ 축사간 이동시 장화를 갈아신지 않음
 ◦ 계분장에 방조망이 없음"
5 ,고병원성조류인플루엔자(HPAI),충북 음성 금왕읍 신평리,해당없음,20.12.7,메추리," 720,000 "," ◦ 농장 진입로 및 농장 울타리 둘레 외부에 생석회 도포 미흡
 ◦ 축사와 계분벨트 사이에 틈새가 있어 야생조수류 침입 가능
 ◦ 계분장과 퇴비사 지역에 외부 울타리 미설치
 ◦ 계분장 출입구에 방조망 미설치
 ◦ 계분장 내 까치 출몰
 ◦ 계분벨트 주변 쥐 분변 발견"
6 ,고병원성조류인플루엔자(HPAI),전남 나주 세지면 세영로,제이디팜,20.12.7,육용오리," 32,000 "," ◦ 농장 진입로 및 농장 울타리 둘레 외부에 생석회 도포 미흡
 ◦ 축산차량 GPS기록 및 출입기록부 대조 결과 출입기록 일부 누락
 ◦ 축사 전실에 폐사체를 버려둔 상태로 방치하는 등 청소상태 미흡
 ◦ 분동장비 사용 후 비닐 등으로 덮지 않고 야외 보관
 ◦ 분동시 외부노출, 바닥에 비닐 등 깔지 않고 몰이망만 사용하여 분동
 ◦ 일자별 폐사기록은 관리하나, 축사별 폐사기록은 관리하지 않음
 ◦ 축산차량 변경되었으나 관할 지자체에 축산차량 변경등록 미실시
 ◦ 축사별 진입시 장화를 갈아신지 않고 전 축사간 공용장화 사용
 ◦ 외부 울타리가 일부만 설치되어 있음"
7 ,고병원성조류인플루엔자(HPAI),경기 여주 가남읍 산군리,해당없음,20.12.8,메추리," 97,000 "," ◦방역복 환복 및 장화 갈아신기 미흡
 ◦농장 진입로 및 농장 울타리 둘레 외부에 생석회 도포 미흡
 ◦주출입구에는 쇠사슬로 차량 진입을 차단하는 시설이 있으나 별도 진·출입로(농로쪽)에는 차단 시설 없음
 ◦축산차량 GPS기록 및 출입기록부 대조결과 출입기록 일부 누락
 ◦계분처리장(퇴비장) 그물망 미설치로 야생조수류의 침입 가능
 ◦사료빈 아래 잔존사료 남아있고, 축사 내 거미줄 방치 등 청소 미흡
 ◦농장 내 중추 이동 시 바닥에 비닐 등 깔지 않고 별도 소독조치 없었음"
8 ,고병원성조류인플루엔자(HPAI),전남 나주 동강면 장동리,다솔,20.12.9,육용오리," 22,000 "," ◦제1농장(발생농장)과 제2농장(부화장)간 종사자 공동작업 및 장비 공동사용
  - 제1농장 오리 분동작업시 비닐 등을 바닥에 깔지않고 제2농장 외국인근로자(3명) 및 장비·도구 등을 동원하여 공동작업
    * 스키로더, 트랙터, 차량 등 농장간 공동장비 사용
  - 외국인 근로자 및 농장 운영·관리용 차량 소독조치 미흡(CCTV 확인)
 ◦로타리 작업시 축사 진입 때마다 기계(로타리) 소독 미실시
 ◦축사별 장화 갈아신기 미흡
 ◦외부 울타리 하부에 틈새가 있어 야생조수류 침입 가능
 ◦퇴비사 그물망 파손되어 있어 야생조수류 침입 가능"
9 ,고병원성조류인플루엔자(HPAI),전남 장성 삼계면 상도리,다솔,20.12.10,종오리," 8,000 "," ◦ 농장 진입로 및 울타리 둘레 외부로 생석회 도포 미흡
 ◦ 축산차량 GPS 기록 및 출입기록부 대조결과, 출입기록 일부 누락
 ◦ 작업복 및 장화를 전 축사 공동사용
 ◦ CCTV 12대 중 2대(농장 출입구 방향) 고장상태로 방치
 ◦ 농장장 등 종사자(3인)은 방역교육을 받은적이 없음
 ◦ 종란 작업시 알 운반차량이 각 축사입구까지 진입"
10 ,고병원성조류인플루엔자(HPAI),전북 정읍 정우면 대사리,사조원,20.12.10,육용오리," 17,000 "," ◦ 농장 진입로 및 울타리 둘레 외부로 생석회 도포 미흡
 ◦ 왕겨창고내 야생조수류 출몰
 ◦ 폐사체를 냉동창고에 포대에 넣은 상태로 보관 (일부 생축 포함)
 ◦ 농장 외부 울타리 일부 훼손 및 하부에 틈이 있어 야생조수류 침입 가능
 ◦ 농장 외부 울타리에 붙어 있는 야생조류 분변 미제거 "
11 ,고병원성조류인플루엔자(HPAI),전남 영암 덕진면 용산리,다솔,20.12.11,육용오리," 15,500 "," ◦ 농장 진입로(후문) 생석회 도포 미흡
 ◦ CCTV 영상기록 1개월 이상 보관의무 미준수 
 ◦ 축사별 폐사일지 기록의무 미준수
 ◦ 바닥에 비닐 등 깔지 않고 분동 실시
 ◦ 분동장비(몰이망) 외부 노출된 상태로 보관
 ◦ 농장 뒤편 텃밭에 오리 폐사체 방치
 ◦ 농장 뒤편 텃밭에 퇴비를 노출된 상태로 야적
 ◦ 농장 외부 울타리 하부에 틈새가 있어 야생조수류 침입 가능
 ◦ 농장 외부 울타리 일부 미설치 구간 존재하여 야생조수류 침입 가능"
12 ,고병원성조류인플루엔자(HPAI),전남 영암 덕진면 용산리,다솔,20.12.11,육용오리," 35,000 "," ◦ 계열사 관계자 농장 진입시 방역복 미착용 
 ◦ 축사별 폐사일지 기록의무 미준수
 ◦ 바닥에 비닐 등 깔지 않고 분동 실시
 ◦ 분동장비(몰이망) 외부 노출된 상태로 보관
 ◦ 농장 뒤편 텃밭에 오리 폐사체 방치
 ◦ 농장 뒤편 텃밭에 퇴비를 노출된 상태로 야적"
13 ,고병원성조류인플루엔자(HPAI),경기 김포 통진읍 가현리,해당없음,20.12.12,산란계," 40,000 "," ◦ 농장 진입로 및 울타리 둘레 외부로 생석회 도포 미흡
 ◦ KAHIS 및 출입기록부 대조결과, 일부 출입자 출입기록 누락
 ◦ 계분장에 그물망이 없고, 야생조류가 계분장 내 출몰
 ◦ 축사 내 개방된 배수구를 통해 쥐가 침입 가능
 ◦ 집란실(종이난좌 보관)에 고양이가 출몰
 ◦ 외부 울타리가 일부만 설치되어 있어 야생조수류 침입 가능
 ◦ 외부 울타리 하부 틈새로 야생조수류 침입 가능"
14 ,고병원성조류인플루엔자(HPAI),전북 임실 오수면 대정리,하림,20.12.14,육용종계," 36,000 "," ◦ 지자체에 외국인 근로자 고용신고를 하지 않음
 ◦ KAHIS 및 출입기록부 대조 결과, 출입기록 일부 누락
 ◦ 농장 외부 울타리가 없어 야생조수류 침입 가능
 ◦ 퇴비사에 그물망이 없어 야생조수류 침입 가능
 ◦ 플라스틱 난좌를 야외에 노출된 상태로 보관"
15 ,고병원성조류인플루엔자(HPAI),충남 천안 서북구 성환읍 대홍리,해당없음,20.12.14,"거위, 오리", 47 ," ◦ 연밭에서 거위와 오리를 방사사육
 ◦ 출입자 및 출입차량 등 소독 미실시"
16 ,고병원성조류인플루엔자(HPAI),경북 구미 선산읍 죽장리,올품,20.12.14,육계," 75,000 "," ◦ 12.10~14일 폐사가 있었음에도 12.14일 도축 출하시까지 미신고
 ◦ 농장 진입로 및 농장 둘레 생석회 도포 미흡
 ◦ KAHIS 및 출입기록부 대조 결과, 일부 출입자 출입기록 누락
 ◦ 일부 출입자 농장 진입시 방역복 미착용 및 차량 소독 미실시
 ◦ 농장 내부 방향 CCTV(4대) 11.25일 이후 영상기록 없음
 ◦ 일부 사육기간(11.24~12.4) 축사별, 일자별 폐사일지 미기록
 ◦ 왕겨창고에 그물망 없으며, 바닥에 떨어진 왕겨를 그대로 방치
 ◦ 퇴비장에 그물망이 없어 야생조수류 침입 가능
 ◦ 농장 외부 울타리가 없어 야생조수류 침입 가능"
17 ,고병원성조류인플루엔자(HPAI),경기 화성 남양읍 신남리,해당없음,20.12.16,산란계," 90,000 "," ◦ 종사자 계사 내부 진입시 장화소독 미실시(CCTV 확인)
 ◦ 관리사무실에 발판소독조 미설치
 ◦ CCTV 영상기록 보관기간 의무(1개월 이상) 미준수
 ◦ 퇴비장에 그물망이 없어 야생조수류 침입 가능
 ◦ 농장 외부 울타리 일부 설치로 야생조수류 침입 가능"
18 ,고병원성조류인플루엔자(HPAI),전북 고창 흥덕면 수침길,다솔,20.12.16,육용오리," 25,000 "," ◦ KAHIS 및 출입기록부 대조 결과, 일부 출입자 출입기록 누락
 ◦ 비닐하우스 축사에 구멍이 있어 쥐 등 침입 가능
 ◦ 축사 출입시 전용장화로 갈아신지 않음
 ◦ 사료빈 주변에 떨어진 사료 미제거 
 ◦ 축사별 폐사일지 기록의무 미준수"
19 ,고병원성조류인플루엔자(HPAI),경기 여주 점동면 당진리,해당없음,20.12.21,산란계," 153,000 "," ◦ 가축분뇨 운반차량 농장 진입전 소독 미실시(CCTV 확인)
 ◦ 사료빈 주변에 떨어진 사료 미제거 
 ◦ 농장 진입로 및 울타리 둘레 생석회 도포 미흡
 ◦ CCTV 영상기록 보관기간 의무(1개월 이상) 미준수
 ◦ 농장 외부 울타리 일부 설치로 야생조수류 침입 가능"
20 ,고병원성조류인플루엔자(HPAI),경기 용인 처인구 원삼면 문촌리,해당없음,20.12.20,"종오리, 메추리"," 101,800 "," ◦ 농장 출입자(사료차량, 택배차량) 방역복 미착용(CCTV 확인)
 ◦ 사료빈 주변에 떨어진 사료 미제거
 ◦ 농장 외부 울타리 일부 설치로 야생조수류 침입 가능
 ◦ 축사 사이 잡초 제거 미흡"
21 ,고병원성조류인플루엔자(HPAI),충북 음성 감곡면 문초리,참프레,20.12.22,종오리," 6,472 "," ◦ 전실 내 축사입구에 신발 소독조 미설치
 ◦ 농장 뒤쪽 울타리 미설치로 야생조수류 침입 가능
 ◦ 종란 운반차량이 농장 내부 진입
    * 알(종란) 운반차량의 종오리 농장 및 오리 부화장 진입제한(’20.12.14∼별도조치시)"
22 ,고병원성조류인플루엔자(HPAI),경기 화성 향남읍 상신리,해당없음,20.12.22,산란계," 310,527 "," ◦ 계분 처리시 별도 출입경로를 사용하나 대인·차량 소독시설 미설치
 ◦ CCTV 영상기록 1개월 이상 보관의무 미준수 
 ◦ 가축·동물의약품·난좌 운반 차량 출입기록 누락"
23 ,고병원성조류인플루엔자(HPAI),전북 남원 사매면 관풍리,제이디팜,20.12.22,육용오리," 40,000 "," ◦ 일부 축사 전실 미설치
 ◦ 농장 울타리 미설치
 ◦ CCTV 고장 방치(5대)
 ◦ 폐사체를 농장 뒤편 야산에 매몰하고 있고 폐사체가 노출되어 있는 등 관리 미흡
 ◦ 동물의약품 운반 차량 출입 기록 누락
 ◦ 비닐 도포 등 방역조치 없이 분동 실시"
24 ,고병원성조류인플루엔자(HPAI),전북 남원 주생면 중동리,다솔,20.12.23,육용오리," 13,500 "," ◦ 농장 진입로 생석회 도포 미흡
 ◦ 농장 울타리 미설치
 ◦ 분동할 때 비닐 도포 등 없이 외부노출
 ◦ CCTV 관리 미흡(고장상태 방치 및 영상기록 보관의무 미준수)
 ◦ 축사별 폐사일지 미기록"
25 ,고병원성조류인플루엔자(HPAI),전남 구례 용방면 신도리,제이디팜,20.12.23,육용오리," 16,000 "," ◦ 농장 주변 생석회 도포 미흡
 ◦ 농장 울타리 미설치
 ◦ 사료빈 주변 청소상태 미흡
 ◦ 축사 그물망 훼손"
26 ,고병원성조류인플루엔자(HPAI),전남 구례 용방면 용정리,제이디팜,20.12.23,육용오리," 15,000 "," ◦ 농장 외부 울타리 일부 미설치(도로 인접 부분)
 ◦ 축사 사이 분동통로가 외부에 노출
 ◦ 축사별·일자별 폐사일지 기록 의무 미준수"
27 ,고병원성조류인플루엔자(HPAI),충남 천안 동남구 성남면 대흥리,엠에스푸드,20.12.23,종오리," 10,715 "," ◦ 농장 외부 울타리 일부 미설치
 ◦ 지대사료창고 신발소독조 미설치
 ◦ 사료빈 주변 떨어진 사료 미제거
 ◦ 농장 출입자(지대사료·주유) 방역복 및 덧신 미착용
 ◦ 농장 출입자 출입기록 일부 누락"
28 ,고병원성조류인플루엔자(HPAI),충남 예산 고덕면 석곡리,해당없음,20.12.25,육용종계," 34,380 "," ◦ 왕겨창고에서 계사로 이어지는 출입문에 신발소독조 미설치
 ◦ 미등록 축산차량(트럭) 운용 (정미소에서 왕겨 운반)
 ◦ 연 1회 방역교육 이수 의무 미준수 (중점방역관리지구 내 농가)"
29 ,고병원성조류인플루엔자(HPAI),경북 경주 천북면 신당리,해당없음,20.12.25,산란계," 8,000 "," ◦ 농장 외부 울타리 미설치
 ◦ 축사 그물망 훼손 및 축사 쥐 구멍 있음
 ◦ CCTV 관리 미흡 (고장)
 ◦ 하나의 장화로 전 축사 출입
 ◦ 연 1회 방역교육 이수 의무 미준수 (중점방역관리지구 내 농가)
 ◦ 사양관리일지 미작성, 폐사수수 및 소독 등 특이사항을 달력에 기재"
30 ,고병원성조류인플루엔자(HPAI),전북 정읍 입암면 단곡리,삼호유황오리,20.12.27,육용오리," 34,300 "," ◦ 농장 외부 울타리 일부 미설치
 ◦ 축사 내 발판소독조 관리 미흡
 ◦ 농장 입구에 퇴비를 비닐 등으로 덮지않고 야적
 ◦ 사료빈 주변 떨어진 사료 미제거
 ◦ CCTV 관리 미흡 (고장)
 ◦ 분동시 외부노출, 바닥에 비닐 등 깔지 않으며 분동장비 외부보관
 ◦ 상차반 거점소독시설 경유하지 않고 농장 출입 및 상차 작업 실시
 ◦ 상차반 농장 출입시 소독조치 하지 않고, 방역복 미착용
 ◦ 출하차량 출입기록부 일부 누락
 ◦ 축사별 폐사일지 기록 의무 미준수"
31 ,고병원성조류인플루엔자(HPAI),경기 여주 능서면 마래리,해당없음,20.12.28,산란계," 208,443 "," ◦ 계분차량 출입구(농장 후문) 소독시설 미설치, 계분차량 소독 미실시
 ◦ 축사 출입시 축사전용 작업복으로 환복 미실시
 ◦ 축사 사이 야생조류 폐사체 방치
 ◦ 계분운반차량 출입기록부 미작성"
32 ,고병원성조류인플루엔자(HPAI),경기 평택 청북읍 고잔리,해당없음,20.12.28,산란계," 26,044 "," ◦ 농장 출입구 5개소 중 2개소에 차단시설 및 소독시설 없음
 ◦ 농장 둘레 생석회 도포 미흡
 ◦ 관리사 신발소독조 미비치
 ◦ 축사 환기구 차단망 훼손
 ◦ 퇴비사 그물망 미설치"
33 ,고병원성조류인플루엔자(HPAI),경기 고양 덕양구 내유동,해당없음,20.12.28,관상조류, 931 ," ◦ 농장 출입구 및 울타리 둘레 생석회 도포 미흡
 ◦ 농장 출입문 상시개방으로 출입자·출입차량 통제·소독 미흡
 ◦ 농장 대인소독실 미작동(고장)
 ◦ 사료창고 신발소독조 미비치
 ◦ 퇴비사 그물망 미설치
 ◦ 출입기록부 및 일자별·축사별 폐사일지 미작성"
34 ,고병원성조류인플루엔자(HPAI),전북 익산 신흥동,참프레,20.12.28,종오리," 8,904 "," ◦ 농장 울타리 하부에 틈새가 있음
 ◦ 왕겨창고 및 퇴비사에 그물망 미설치
 ◦ 농장 및 축사 진입시 손소독 미실시
 ◦ 분동장비 외부에 노출된 상태로 보관
 ◦ CCTV 관리 미흡(영상기록 보관의무 미준수)
 ◦ 연 1회 방역교육 이수 의무 미준수(중점방역관리지구 내 농가)"
35 ,고병원성조류인플루엔자(HPAI),충남 논산 광석면 광리,올품,20.12.29,육계," 167,300 "," ◦ 사육기간 중 폐사수가 2배이상 증가하였으나 가축방역기관에 미신고
 ◦ 주 출입구(정문) 출입금지 표지판 및 차단바 등 차단시설 없음
 ◦ 주 출입구(정문) 차량소독시설 미작동(고장)
 ◦ 관리사 뒤쪽 울타리 하부에 틈새가 있음
 ◦ 5동 옆 농장 별도 출입구 상시개방 및 소독시설 미설치
 ◦ 사료빈 아래 떨어진 사료 미제거"
36 ,고병원성조류인플루엔자(HPAI),전남 곡성 곡성읍 대평리,일이축산,20.12.29,육용오리," 20,900 "," ◦ 농장 외부 울타리 미설치
 ◦ 3동 축사에 틈새
 ◦ 퇴비사 그물망 미설치
 ◦ CCTV 관리 미흡(영상기록 1개월 이상 보관의무 미준수)
 ◦ 사료빈 주변에 떨어진 사료 미제거
 ◦ 분동장비 외부보관 및 분동통로 외부노출
 ◦ 사료차량 소독 미실시
 ◦ 구서 미실시"
37 ,고병원성조류인플루엔자(HPAI),경기 김포 월곶면 군하리,해당없음,20.12.29,산란계," 212,333 "," ◦ 농장 외부 울타리 설치 미흡
 ◦ 농장 주변 생석회 도포 미흡
 ◦ 농장 출입구 차단장치 없음
 ◦ 계사 1,2,3,4동 및 육성사 1동 전실 미설치
 ◦ 농장 출입차량 소독실시 미흡 (일반출입차량 소독없이 출입)
 ◦ 농장 청소불량(농장 내부 도로에 계분, 닭깃털) 및 야생조수류 차단 미흡(텃새, 쥐 출몰)
 ◦ 출입자(알 운반, 사료운반) 출입기록 일부 누락
 ◦ 미등록 축산차량 운용"
38 ,고병원성조류인플루엔자(HPAI),전북 고창 고수면 봉신리,일이축산,20.12.30,육용오리," 10,000 "," ◦ 농장 외부 울타리 미설치
 ◦ 축사(3, 4, 5동) 전실 미설치
 ◦ 사료차량 농장 출입 전후 소독 미실시
 ◦ 농장 출입시 발판 소독 미실시"
39 ,고병원성조류인플루엔자(HPAI),경기 김포 통진읍 수참리,해당없음,20.12.31,산란계," 80,000 "," ◦ 농장 외부 울타리 일부 미설치
 ◦ 퇴비사 뒤편 비닐 훼손
 ◦ 농장 출입차량 일부 소독 미실시
 ◦ 축사 전실에 비치된 방역복 환복 미실시
 ◦ 출입자 출입기록 일부 누락"
40 ,고병원성조류인플루엔자(HPAI),경북 경주 내남면 이조리,해당없음,20.12.31,메추리," 10,900 "," ◦ 농장 외부 울타리 미설치
 ◦ 미등록 축산차량 운용
 ◦ 폐사일지 미기록"
41 ,고병원성조류인플루엔자(HPAI),전북 부안 줄포면 신리,다솔,20.12.30,육용오리," 50,100 "," ◦ 농장 외부 울타리 일부 미설치
 ◦ 퇴비사 그물망 미설치
 ◦ 축사 전실에 방역복 미비치
 ◦ 공사차량 소독 미실시
 ◦ 오리 분동시 방역복 미착용
 ◦ 퇴비운반차량 출입기록 누락"
42 ,고병원성조류인플루엔자(HPAI),전남 무안 청계면 남성리,해당없음,21.1.1,산란계," 77,900 "," ◦ 농장 울타리 일부 미설치
 ◦ 퇴비사 그물망 미설치
 ◦ CCTV 관리 미흡 (영상기록 1개월 이상 보관의무 미준수)
 ◦ 사료차량 운전자 방역복 미착용"
43 ,고병원성조류인플루엔자(HPAI),충남 천안 서북구 성환읍 신가리,해당없음,21.1.3,산란계," 388,800 "," ◦ 농장관계자 방역복 미착용 및 대인소독 미실시
 ◦ 축사 전실 기능 미흡 (전실이 축사와 떨어져 설치되어 외부노출)
 ◦ 종사자 방역교육 미이수"
44 ,고병원성조류인플루엔자(HPAI),충남 천안 동남구 병천면 매성리,주원산오리,20.12.28,육용오리," 14,400 "," ◦ 농장 정문 이외 별도 출입구(계분처리) 소독시설 미설치
 ◦ 퇴비사 그물망 미설치
 ◦ 톱밥창고 그물망 미설치
 ◦ 하나의 작업복 및 신발로 축사 출입
 ◦ 축사 출입시 신발 소독 미실시
 ◦ 분동시 바닥에 비닐 미도포
 ◦ 미등록 축산차량 운용
 ◦ 축사별 폐사일지 미기록"
45 ,고병원성조류인플루엔자(HPAI),세종 - 부강면 등곡리,해당없음,21.1.4,산란계," 137,000 "," ◦ CCTV 관리 미흡 (영상기록 1개월 이상 보관의무 미준수)
 ◦ 파레트, 합판 외부 보관
 ◦ 퇴비사 그물망에 틈새
 ◦ 축사 뒷문(계분장 인접)으로 출입하는 과정에서 오염 가능(소독시설 없음)"
46 ,고병원성조류인플루엔자(HPAI),전북 부안 진서면 운호리,삼호유황오리,21.1.4,종오리," 6,331 "," ◦ 농장 외부 울타리 미설치
 ◦ 농장 둘레 생석회 도포 미흡
 ◦ 농장 정문 이외 별도 출입구에 차단시설 및 소독시설 미설치
 ◦ CCTV 관리 미흡 (영상기록 1개월 이상 보관의무 미준수)
 ◦ 왕겨창고 그물망 미설치
 ◦ 퇴비 야적 (외부노출)
 ◦ 사육도구 야적 (외부노출)
 ◦ 구서 미흡 (야적 퇴비, 7동 전실, 축사 내부, 왕겨 창고 등에서 쥐 출몰, 쥐 분변 및 사체 확인)"
47 ,고병원성조류인플루엔자(HPAI),충북 음성 삼성면 용대리,해당없음,21.1.5,종오리," 5,605 "," ◦ 농장 외부 울타리 일부 미설치
 ◦ 왕겨차량 운전자 농장 출입시 방역복 및 덧신 미착용
 ◦ 왕겨차량 운전자 대인소독 미실시
 ◦ 하나의 작업복 및 장화로 전 축사 출입"
48 ,고병원성조류인플루엔자(HPAI),전남 영암 덕진면 노송리,제이디팜,21.1.6,육용오리," 20,700 "," ◦ 농장 외부 울타리 미설치
 ◦ 농장 출입구 주변 생석회 도포 미흡
 ◦ 퇴비사 그물망 미설치
 ◦ 축사 출입시 축사 전용 작업복 및 장화 미착용
 ◦ 분동장비 외부보관, 분동통로 외부 노출 및 바닥에 비닐 미도포
 ◦ 왕겨살포장비(트랙터) 축사간 이동시 소독 미실시"
49 ,고병원성조류인플루엔자(HPAI),전남 무안 일로읍 지장리,다솔,21.1.7,육용오리," 11,000 "," ◦ 농장 외부 울타리 일부 미설치
 ◦ 1동 축사 측면 하부에 틈새가 있어 쥐 등 축사 내 침입 가능
 ◦ CCTV 관리 미흡 (영상기록 1개월 이상 보관의무 미준수)
 ◦ 전실 청소 미흡 및 손소독 미실시
 ◦ 분동장비 외부보관 및 분동시 외부노출
 ◦ 왕겨창고 내 야생조류 출몰
 ◦ 축사별 폐사일지 미기록"
50 ,고병원성조류인플루엔자(HPAI),경기 김포 대곶면 쇄암리,해당없음,21.1.8,산란계," 98,041 "," ◦ 농장 외부 울타리 일부 미설치
 ◦ 일부 축사 전실 미설치
 ◦ 퇴비사 그물망 미설치
 ◦ CCTV 관리 미흡 (영상기록 1개월 이상 보관의무 미준수)
 ◦ 사료차량 운전자 방역복 및 덧신 미착용
 ◦ 사료차량 운전자 출입기록 누락
 ◦ 종사자 방역교육 미이수"
51 ,고병원성조류인플루엔자(HPAI),경남 진주 수곡면 대천리,주원산오리,21.1.8,육용오리," 22,000 "," ◦ 농장 외부 울타리 미설치
 ◦ 농장 출입구 생석회 미도포
 ◦ 일부 축사 전실에 전용장화 미비치
 ◦ 퇴비사 그물망 미설치
 ◦ CCTV 관리 미흡 (영상기록 1개월 이상 보관의무 미준수)
 ◦ 오리 분동시 외부 노출"
52 ,고병원성조류인플루엔자(HPAI),경남 거창 가조면 동례리,주원산오리,21.1.9,육용오리," 23,600 "," ◦ 농장 외부 울타리 미설치
 ◦ 농장 별도 출입구 소독시설 미설치
 ◦ 관리사 신발소독조 미비치
 ◦ CCTV 관리 미흡 (메모리가 없어 CCTV 녹화영상 저장 불가)
 ◦ 분동장비(몰이망 등) 외부에 노출된 상태로 방치
 ◦ 축사 전실에 방역복 및 손소독제 미비치
 ◦ 축사 전용장화 비치는 되어 있으나, 사용 미비 (장화 내 거미줄)
 ◦ 폐사체를 장거리(3~4km) 운반하여 과수원에 매몰 처리"
53 ,고병원성조류인플루엔자(HPAI),경기 남양주 화도읍 차산리,해당없음,21.1.11,산란계," 38,362 "," ◦ 농장 외부 울타리 일부 미설치
 ◦ 농장 별도 출입구 소독시설 미설치
 ◦ 축사 전실 미설치
 ◦ 계분장 그물망 미설치
 ◦ 사료빈 주변 떨어진 사료 미제거
 ◦ 축사 전용 작업복 미착용"
54 ,고병원성조류인플루엔자(HPAI),경남 고성 마암면 삼락리,사조원,21.1.11,육용오리," 10,500 "," ◦ 농장 외부 울타리 일부 미설치
 ◦ CCTV 관리 미흡 (영상기록 1개월 이상 보관의무 미준수)
 ◦ 왕겨차량 및 운전자 농장 출입시 소독 미실시
 ◦ 왕겨차량 운전자 방역복 및 덧신 미착용"
55 ,고병원성조류인플루엔자(HPAI),경기 안성 금광면 삼흥리,해당없음,21.1.12,산란계," 385,114 "," ◦ 퇴비장(계분장) 그물망 미설치 및 야생조수류(까마귀,참새,쥐 등) 발견
 ◦ CCTV 관리 미흡 (영상기록 1개월 이상 보관의무 미준수)"
56 ,고병원성조류인플루엔자(HPAI),경북 문경 농암면 사현리,해당없음,21.1.11,산란계," 38,000 "," ◦ 농장 외부 울타리 일부 미설치
 ◦ 축사(A·B동, C동) 전실 미설치
 ◦ 축사(A·B동, C동) 전용장화 및 방역복 미비치
 ◦ 축사 벽면 상·하부에 틈새
 ◦ 축사 입구에 비치된 신발소독조 소독액 관리 미흡
 ◦ 사료빈 아래 떨어진 사료 미제거
 ◦ 축사 내 야생조수류(쥐, 참새) 발견
 ◦ 사료차량 운전자 방역복 및 덧신 미착용"
57 ,고병원성조류인플루엔자(HPAI),전북 정읍 정우면 우일리,참프레,21.1.12,종오리," 9,050 "," ◦ 농장 외부 울타리 일부 미설치
 ◦ 일부 축사 그물망 틈새(구멍)
 ◦ 농장 출입구 차단시설 및 소독시설 미설치
 ◦ CCTV 관리 미흡 (영상기록 1개월 이상 보관의무 미준수)
 ◦ 분동장비 소독 미실시"
58 ,고병원성조류인플루엔자(HPAI),충남 천안 서북구 성환읍 도하리,해당없음,21.1.12,산란계," 83,800 "," ◦ 농장 외부 울타리 일부 미설치
 ◦ 농장 둘레 생석회 도포 미흡
 ◦ 축사·사료창고·집란실 등 신발소독조 관리 미흡
 ◦ 축사 진입시 손소독 미흡
 ◦ 축사별 폐사일지 미기록"
59 ,고병원성조류인플루엔자(HPAI),경기 포천 선단동,해당없음,21.1.12,산란계," 175,100 "," ◦ CCTV 관리 미흡 (영상기록 1개월 이상 보관의무 미준수)
 ◦ 신발소독조 소독액 관리 미흡
 ◦ 구서 미흡 (전실 천장 쥐 출몰)
 ◦ 파레트 외부 방치"
60 ,고병원성조류인플루엔자(HPAI),충남 홍성 구항면 태봉리,해당없음,21.1.13,육용종계," 41,200 "," ◦ 농장 외부 울타리 일부 미설치
 ◦ 왕겨창고 그물망 미설치
 ◦ 사료차량 운전자 농장 출입시 대인소독 미실시
 ◦ 축사 전용 작업복 미착용
 ◦ 사료빈 아래 떨어진 사료 미제거"
61 ,고병원성조류인플루엔자(HPAI),충북 음성 대소면 삼호리,해당없음,21.1.12,산란계," 36,000 "," ◦ 농장 외부 울타리 일부 미설치
 ◦ 농장 둘레 생석회 미도포
 ◦ 농장 정문 차단시설 미설치
 ◦ 농장 후문 차단시설 및 소독시설 미설치
 ◦ 물품반입창고 미설치
 ◦ 전실에 축사 전용장화 미비치, 신발소독조 소독액 관리 미흡
 ◦ CCTV 관리 미흡 (미작동, 영상기록 1개월 이상 보관의무 미준수)"
62 ,고병원성조류인플루엔자(HPAI),경기 안성 서운면 신촌리,해당없음,21.1.13,산란계," 280,000 "," ◦ 농장 외부 울타리 미설치
 ◦ 집란실 입구 신발소독조 미비치
 ◦ 축사 뒷문에 신발소독조 미비치
 ◦ 사료차량 운전자 방역복 및 덧신 미착용
 ◦ 구서미흡 (축사 내 쥐구멍 및 쥐 발견)"
63 ,고병원성조류인플루엔자(HPAI),경남 하동 옥종면 문암리,제이디팜,21.1.14,육용오리," 15,900 ","◦ 농장 외부 울타리 미설치
 ◦ 전실 출구와 축사 입구가 이격되어 축사 출입시 재오염 가능
 ◦ 전실 신발소독조 소독액 관리 미흡 (소독액 미보충)
 ◦ CCTV 관리 미흡 (병아리동 CCTV 고장)
 ◦ 사료빈 아래 떨어진 사료 미제거
 ◦ 분동시 분동통로 비닐 미도포, 소독 미실시
 ◦ 축사 출입시 손소독 미흡
 ◦ 농장 청소 미흡 (폐사체 축사 내 방치, 1동 축사 옆 죽은 설치류 방치)
 ◦ 축사별 폐사일지 미기록"
64 ,고병원성조류인플루엔자(HPAI),전남 보성 겸백면 수남리,일이축산,21.1.15,종오리," 11,096 "," ◦ 농장 외부 울타리 설치 미흡
 ◦ 사육시설과 구획·차단된 전실 미설치
 ◦ 알 운반차량 종오리 농장 및 부화장 진입제한 행정명령 위반
 ◦ 축사 전용 작업복 미착용 및 손소독 미실시"
65 ,고병원성조류인플루엔자(HPAI),전북 김제 공덕면 회룡리,참프레,21.1.15,육용오리," 14,100 "," ◦ 농장 외부 울타리 설치 미흡
 ◦ 축사 1동과 2동 사이 출입문에 소독시설 미설치
 ◦ CCTV 관리 미흡 (영상기록 1개월 이상 보관의무 미준수)
 ◦ 축사 전용 작업복 및 장화 미비치, 축사 진입시 손씻기 미실시
 ◦ 사료차량 농장 출입전 거점소독시설 소독 미준수 (거점소독시설 1회 방문 후 2개의 농장에 사료 배송 - 발생농장 및 인접 가족농장)
 ◦ 인접 가족농장과 자재 및 장비 공동사용 (폐사체처리기 등)"
66 ,고병원성조류인플루엔자(HPAI),전북 김제 만경읍 대동리,해당없음,21.1.16,육용오리," 7,700 "," ◦ 농장 외부 울타리 일부 미설치, 축사 입구 생석회 미도포
 ◦ 농장 출입구 차량(고정식)·대인소독시설·물품반입창고 미설치
 ◦ 농장 출입구 고압분무기 미작동
 ◦ 축사 그물망 훼손 및 축사에 구멍 있음
 ◦ 관리사무실 신발소독조 미비치
 ◦ 퇴비사 그물망 미설치
 ◦ 미등록 축산차량 운용
 ◦ 일제 입식-출하(올인 올아웃) 미준수
 ◦ CCTV 관리 미흡 (일부 축사 미설치, 영상기록 1개월 이상 보관의무 미준수)
 ◦ 축사 전실 방역복 및 손소독제 미비치
 ◦ 축사 출입시 축사 전용 작업복 미착용
 ◦ 출입자 출입기록 작성 미흡 
 ◦ 농장 사양관리(폐사일지) 작성 미흡
 ◦ 출입자(사료) 소독필증 일부 미보관
 ◦ 축사 옆 야생조류 분변 및 폐사체 방치
 ◦ 토종닭(70수) 방사사육"
67 ,고병원성조류인플루엔자(HPAI),충북 음성 생극면 임곡리,해당없음,21.1.18,산란계," 400,000 "," ◦ GP센터 및 관리사무실 신발소독조 미비치
 ◦ 전실 내 신발소독조 관리 미흡 (소독액 미보충)
 ◦ 전실 내 축사 전용 장화 및 축사 전용 작업복 미비치
 ◦ 계분장 입구 및 측면 그물망 미설치
 ◦ 사료차량 운전자 방역복 및 덧신 미착용
 ◦ 축사 내 신발소독조 깊이가 낮아 장화소독 미흡
 ◦ 농장 부지 내 퇴비사업장이 있고, 퇴비사업장 출입자의 농장 출입통제 미흡"
68 ,고병원성조류인플루엔자(HPAI),경기 용인 처인구 백암면 옥산리,해당없음,21.1.18,산란계," 190,435 "," ◦ 농장 외부 울타리 일부 미설치
 ◦ CCTV 관리 미흡 (축사 내 CCTV 고장 이후 미수리)
 ◦ 사료빈 하부 떨어진 사료 등 제거 미흡
 ◦ 사료차량 운전자 출입기록 일부 누락"
69 ,고병원성조류인플루엔자(HPAI),경기 이천 장호원읍 나래리,해당없음,21.1.21,산란계," 478,000 "," ◦ 농장 외부 울타리 일부 미설치
 ◦ 농장 출입구 및 축사 입구 생석회 미도포
 ◦ 알 운반차량 출입구 대인소독시설 방역복 및 덧신 미비치
 ◦ 계분차량 출입구 소독시설 미설치 및 출입기록부 미비치
 ◦ 사료차량 출입구 대인소독시설 신발소독조 미비치
 ◦ 육성사 전실 미설치
 ◦ 전실에 축사 전용 작업복 미비치
 ◦ 계분장 그물망 미설치, 계분벨트와 축사 사이에 틈새가 있음
 ◦ CCTV 관리 미흡 (모니터 고장 방치)
 ◦ 축사 진입시 환복 및 손소독 미실시
 ◦ 사료빈 아래 떨어진 사료 미제거 및 사료빈 그물망 훼손
 ◦ 백신접종팀 농장 출입전 관할 지자체 미신고
 ◦ 축사 사이 고양이 사체 발견, 배수구를 통한 쥐 침입 가능
 ◦ 병아리용 깔개 외부 노출 보관 "
70 ,고병원성조류인플루엔자(HPAI),충남 천안 서북구 직산읍 수헐리,해당없음,21.1.22,산란계," 99,000 "," ◦ 농장 출입구 차량 소독시설(U자형) 고장 방치 및 소독 미실시
 ◦ 폐사축을 계분벨트에 방치
 ◦ 2동 축사 뒷문(계분벨트쪽) 폐쇄하지 않고 사용
 ◦ 플라스틱 난좌 및 종이난좌 외부에 야적 (외부노출)
 ◦ 계분 외부에 야적 (외부노출)
 ◦ 축사별로 방역복을 착용하나 재사용
 ◦ 알 운반차량 출입기록부 일부 누락
 ◦ 백신접종팀 농장 출입전 관할 지자체 미신고"
71 ,고병원성조류인플루엔자(HPAI),전남 무안 삼향읍 왕산리,해당없음,21.1.22,산란계," 97,431 "," ◦ 농장 외부 울타리 훼손, 야생조수류 침입 가능
 ◦ 계분장 그물망 미설치
 ◦ 축사 뒷문 신발소독조 미비치
 ◦ CCTV 관리 미흡 (영상기록 1개월 이상 보관의무 미준수)
 ◦ 농장주 출입시 차량소독 미실시, 집배원 대인소독 미실시
 ◦ 축사(쥐) 및 계분장(까치)에서 야생조수류 발견
 ◦ 계분차량 및 톱밥차량 출입기록부 일부 누락"
72 ,고병원성조류인플루엔자(HPAI),경기 화성 양감면 사창리,해당없음,21.1.23,산란계," 601,965 "," ◦ 관리사무실, 축사 5동 뒷문에 신발소독조 미비치
 ◦ 퇴비사 그물망 미설치
 ◦ 사료차량 방역복 및 덧신 미착용
 ◦ 알 운반차량 방역복 및 덧신 미착용
 ◦ 유효기간 지난 소독약 보관 및 사용
 ◦ 농장 내 야생조수류 발견 (비둘기, 고양이)"
73 ,고병원성조류인플루엔자(HPAI),전남 함평 나산면 삼축리,사조원,21.1.24,육용오리," 11,220 "," ◦ 농장 외부 울타리 일부 미설치
 ◦ 축사 그물망 일부 훼손
 ◦ CCTV 관리 미흡 (영상기록 1개월 이상 보관의무 미준수)
 ◦ 사료빈 아래 떨어진 사료 미제거
 ◦ 일부 축사 및 전실 하부 틈새가 있음
 ◦ 왕겨창고 내 왕겨와 퇴비를 같이 보관, 퇴비에 폐사체 처리
 ◦ 2동 앞 노지에 퇴비를 야적 (외부노출)
 ◦ 분동장비(몰이망) 외부 방치 및 분동시 소독 미실시
 ◦ 하나의 작업복 및 방역복으로 전 축사 출입
 ◦ 축산차량 신규 및 보수교육 미이수
 ◦ 1동에서 폐사가 2배이상 증가하였으나 미신고"
74 ,고병원성조류인플루엔자(HPAI),경기 포천 신북면 삼성당리,해당없음,21.1.26,산란계," 38,460 "," ◦ 농장 외부 울타리 일부 미설치
 ◦ 농장 출입구 등 생석회 미도포
 ◦ 농장 출입구 고정식 차량소독시설 미작동(고장)
 ◦ 농장 출입구 대인소독시설 신발소독조 및 손소독제 미비치
 ◦ 백신접종팀, 톱밥운반차량 농장 진입시 소독 미실시
 ◦ 축사 전실 미설치, 농장 전용 작업복으로 전 축사 출입, 손소독 미실시
 ◦ 축사 뒷문 신발소독조 미비치
 ◦ 퇴비사(계분장) 그물망 미설치
 ◦ 계분벨트와 축사 사이에 틈새가 있음
 ◦ 출입자(선별기 수리기사, 톱밥운반, 약품업체, 백신접종팀) 출입기록 누락
 ◦ 구서 미흡 (농장 마당, 계분벨트에서 쥐 폐사체 발견)
 ◦ 백신접종팀 농장 출입전 관할 지자체 미신고
 ◦ 외국인근로자 관할 지자체 고용 미신고"
75 ,고병원성조류인플루엔자(HPAI),경기 파주 적성면 어유지리,해당없음,21.1.26,산란계," 137,000 "," ◦ 농장 외부 울타리 일부 미설치
 ◦ 농장 출입구 생석회 도포 미흡
 ◦ 축사 뒷문 신발소독조 미비치
 ◦ 축사 전실 미흡 (전실문이 천막으로 되어있으나 밀폐 불량)
 ◦ 사료빈 아래 떨어진 사료 미제거
 ◦ 하나의 작업복 및 방역복으로 전 축사 출입
 ◦ 출입자(소독기 수리기사) 출입기록 누락"
76 ,고병원성조류인플루엔자(HPAI),경기 이천 장호원읍 와현리,해마로농산,21.1.26,육용종계," 22,627 "," ◦ 농장 외부 울타리 미설치
 ◦ 농장 출입구 차량소독시설 미작동 (고장)
 ◦ 전실에 축사 전용 작업복 및 손소독제 미비치
 ◦ 사료차량 운전자 방역복 미착용
 ◦ 미등록 축산차량 운용 (알 운반차량)"
77 ,고병원성조류인플루엔자(HPAI),경기 안성 일죽면 장암리,부성팜스,21.1.26,육용종계," 19,600 "," ◦ 농장 외부 울타리 일부 미설치
 ◦ 농장 후문 차단시설 및 소독시설 미설치
 ◦ 축사 전실 및 집란실 신발소독조 미비치
 ◦ 축사 그물망 미설치 및 구서 미흡
 ◦ 사료빈 아래 떨어진 사료 미제거
 ◦ 알 운반차량 농장 내 진입 (행정명령 위반)
 ◦ 알 운반차량(기사) 차량 및 대인소독 미실시, 방역복 및 덧신 미착용
 ◦ 사료차량(기사) 차량 및 대인소독 미실시, 방역복 및 덧신 미착용
 ◦ 인접농장과 스키로더 및 트럭 공동 사용"
78 ,고병원성조류인플루엔자(HPAI),경기 안성 보개면 동신리,해당없음,21.1.27,산란계," 29,000 "," ◦ 농장 외부 울타리 일부 미설치
 ◦ 관리사무실 출입문 신발소독조 미비치
 ◦ 축사 지붕 천장 훼손 (구멍)
 ◦ 사료빈 아래 떨어진 사료 미제거
 ◦ 축사 내부 청소 미흡 (천장에 거미줄, 먼지 등)
 ◦ 축사 1,2동 계란벨트 만나는 부분 청소 미흡 (깨진 계란 등)
 ◦ 환적장으로 계란을 운반하는 지게차 농장 출입시 소독 미실시
 ◦ 사료차량(기사) 차량 및 대인소독 미실시, 방역복 및 덧신 미착용"
79 ,고병원성조류인플루엔자(HPAI),전북 고창 아산면 성산리,다솔,21.1.27,육용오리," 37,000 "," ◦ 농장 외부 울타리 미설치
 ◦ 농장 전면 생석회 벨트 미구축
 ◦ 전실 내 손소독제 미비치
 ◦ 차량 소독시설이 없는 출입구로 소독을 실시하지 않고 진입하여 일부 축사에 사료 공급
 ◦ CCTV 관리 미흡 (영상기록 1개월 이상 보관의무 미준수)
 ◦ 하나의 작업복 및 장화로 전 축사 출입
 ◦ 축산차량 교육 미이수
 ◦ 폐사체를 빈축사에 퇴비와 섞어 보관하나 부숙되지 않은 폐사체 잔존 및 방치
 ◦ 창고 내 사육장(닭·거위·오리 등 혼합 사육)에 큰 구멍이 있어 자유롭게 출입"
80 ,고병원성조류인플루엔자(HPAI),경기 안성 공도읍 마정리,해당없음,21.1.28,산란계," 80,000 "," ◦ 농장 외부 울타리 일부 미설치
 ◦ 축사 내 CCTV 미설치
 ◦ 톱밥운반자 방역복 및 덧신 미착용"
81 ,고병원성조류인플루엔자(HPAI),경기 이천 율면 신추리,해당없음,21.1.29,산란계," 46,631 "," ◦ 농장 외부 울타리 미설치
 ◦ 축사 1동(발생동) 측면에 틈새 있음
 ◦ 축사 전용 작업복 미비치, 하나의 작업복으로 전 축사 출입
 ◦ 사료빈 아래 떨어진 사료 미제거
 ◦ 상차반 기사, 발전기 수리기사 방역복 미착용
 ◦ 종사자 축사 출입시 손소독(씻기) 미실시
 ◦ 구서 미흡 (축사 내부 쥐 폐사체 확인) 
 ◦ 노계도태시 상차반 농장 출입전 관할 지자체 미신고
 ◦ 소독제 관리 미흡 (소독제 관리대장에 유통기한 경과 소독제 사용 기재)"
82 ,고병원성조류인플루엔자(HPAI),경북 포항 북구 청하면 신흥리,해당없음,21.1.30,산란계," 240,000 "," ◦ 농장 외부 울타리 일부 미설치
 ◦ 차량소독시설 앞 차단바 고장 및 미수리
 ◦ 관리사 및 축사 뒷문 신발소독조 미비치
 ◦ 사료 및 난좌운반차량(기사) 차량 및 대인소독 미실시
 ◦ 난좌운반차량 기사 방역복 및 덧신 미착용
 ◦ 알·난좌 운반차량 진입금지 행정명령 위반
 ◦ 분뇨 및 난좌운반차량 출입기록 누락"
83 ,고병원성조류인플루엔자(HPAI),경기 안성 일죽면 신흥리,해당없음,21.1.31,산란계," 62,167 "," ◦ 농장 외부 울타리 일부 미설치
 ◦ 축사 뒷문(계분관리) 신발소독조 미비치
 ◦ CCTV 관리 미흡 (영상기록 1개월 이상 보관의무 미준수)
 ◦ 계분 압롤박스 보관장 그물망 미설치
 ◦ 계분벨트 외부노출 구역 존재
 ◦ 주유차량 소독 미실시 및 출입기록 누락"
84 ,고병원성조류인플루엔자(HPAI),경기 이천 설상면 장천리,해당없음,21.2.1,산란계," 143,865 "," ◦ 농장 외부 울타리 일부 미설치
 ◦ 농장 후문(퇴비사 연결) 차단시설 및 소독시설 미설치
 ◦ 축사 2동 뒷문 신발소독조 미비치 
 ◦ 육성사 CCTV 미설치
 ◦ 퇴비사 그물망 미설치
 ◦ 난좌운반차량 출입기록 누락"
85 ,고병원성조류인플루엔자(HPAI),충북 충주 동량면 대전리,주원산오리,21.2.2,종오리," 7,560 "," ◦ 농장 출입구 대인소독시설 방역복 미비치
 ◦ 축사 전실 방역복 미비치
 ◦ 관리사무실 신발소독조 미비치
 ◦ 퇴비를 덮개없이 야적 (외부노출)
 ◦ CCTV 관리 미흡 (영상기록 확인 불가)
 ◦ 분동장비 외부노출 보관
 ◦ 축산차량 교육 미이수"
86 ,고병원성조류인플루엔자(HPAI),전남 영암 시종면 신흥리,해당없음,21.2.4,종오리," 8,193 "," ◦ 농장 외부 울타리 일부 미설치
 ◦ 축사 그물망 일부 훼손 (축사내 고양이 3수 목격)
 ◦ 관리사 신발소독조 미비치
 ◦ CCTV 관리 미흡 (영상기록 1개월 이상 보관의무 미준수)
 ◦ 지대사료차량 농장 내 축사 입구까지 진입 (행정명령 위반)
 ◦ 축사 출입 및 축사 내 작업시 전용 작업복(방역복) 미착용
 ◦ GPS 미수신 축산차량으로 폐기종란 운반"
87 ,고병원성조류인플루엔자(HPAI),충북 괴산 장연면 조곡리,주원산오리,21.2.5,종오리," 15,735 "," ◦ 농장 별도 출입구(관리사 출입) 신발소독조 미비치
 ◦ 축사 5동(발생동) 그물망 미설치
 ◦ 축사 5동(발생동) 쥐구멍 및 쥐 흔적 발견
 ◦ 전실 신발소독조 관리 미흡(소독액 교체 불량)
 ◦ CCTV 관리 미흡 (영상기록 1개월 이상 보관의무 미준수)
 ◦ 퇴비 야적 보관 (외부 노출)
 ◦ 농장 진입시 대인소독 미실시
 ◦ 하나의 방역복으로 전 축사 출입
 ◦ 출입자 출입기록 일부 누락 "
88 ,고병원성조류인플루엔자(HPAI),경기 포천 창수면 주원리,해당없음,21.2.7,산란계," 166,608 "," ◦ 축사 입구 생석회 미도포
 ◦ 축사 그물망 관리 미흡 (환기팬 그물망 파손)
 ◦ CCTV 관리 미흡 (일부 미작동)
 ◦ 알 운반차량 소독 미실시
 ◦ 축사 출입시 손소독 미실시
 ◦ 축사 내 구서 미흡 (쥐 폐사체 발견)"
89 ,고병원성조류인플루엔자(HPAI),충북 음성 원남면 보룡리,엠에스푸드,21.2.9,종오리," 8,558 "," ◦ 농장 외부 울타리 일부 미설치
 ◦ 농장 출입구 고정식 차량소독시설 미작동
 ◦ 관리사 신발소독조 미비치
 ◦ 축사 전실 손소독제 미비치
 ◦ 일부 축사 전실 신발소독조·전용장화 미비치, 신발소독조 소독액 미보충
 ◦ 축사 하단부 배수구 그물망 미설치
 ◦ 퇴비 야적보관 (외부 노출)
 ◦ 농장 종사자 농장 출입시 전용 작업복(방역복) 미착용 및 대인소독 미실시
 ◦ 지대사료·왕겨차량(기사) 농장 출입시 차량·대인소독 미실시
 ◦ 지대사료기사 농장 및 축사 출입시 방역복·덧신 미착용
 ◦ 하나의 방역복으로 전 축사 출입 
 ◦ 일부 출입자(난방용 가스·주유) 출입기록 누락
 ◦ 축사별(동별) 폐사일지 미기록
 ◦ 외국인 근로자 관할 지자체 고용 미신고"
90 ,고병원성조류인플루엔자(HPAI),전북 부안 주산면 사산리,사조원,21.2.9,육용오리," 14,000 "," ◦ 농장 울타리 관리 미흡 (일부훼손)
 ◦ 농장 출입구 차량소독시설 미작동
 ◦ 농장 출입구 대인소독시설 방역복·덧신·신발소독조·손소독제 미비치
 ◦ CCTV 관리 미흡 (영상기록 확인 불가)
 ◦ 사료빈 주변(하부 배수로) 사료 잔존물 처리 미흡
 ◦ 축사 전실 방역복 및 전용장화 미비치
 ◦ 분동도구 및 장비 소독 미실시
 ◦ 축사별(동별) 폐사일지 미기록"
91 ,고병원성조류인플루엔자(HPAI),경기 평택 팽성읍 대추길,해당없음,21.2.9,산란계," 215,811 "," ◦ 농장 울타리 관리 미흡 (일부 구간 훼손 등)
 ◦ 축사·집란실 쪽문에 발판소독조 미비치
 ◦ 축사 뒷문 손소독제 미비치
 ◦ 일부 축사 배수구 그물망 미설치
 ◦ 퇴비장 외벽 훼손, 그물망 등 야생조수류 차단시설 설치 미흡
 ◦ 퇴비 야적보관 (외부 노출)
 ◦ CCTV 관리 미흡 (육성사 미작동)
 ◦ 외부인(음식배달 등) 농장 출입시 대인소독 미실시
 ◦ 전실 내 방역복 미비치, 하나의 방역복으로 전 축사 출입
 ◦ 쥐(축사 내 2두) 및 고양이(농장 내 1두) 폐사체 방치"
92 ,고병원성조류인플루엔자(HPAI),전남 나주 반남면 흥덕리,해당없음,21.2.11,종오리," 12,572 "," ◦ 일부 축사 동별 전실 미설치
 ◦ 사료빈 주변 사료 잔존물 처리 미흡
 ◦ CCTV 관리 미흡 (영상기록 1개월 이상 미보관)
 ◦ 하나의 작업복 및 방역복으로 전 축사 출입"
93 ,고병원성조류인플루엔자(HPAI),제주 제주 한림읍 금악리,해당없음,21.2.12,육용(산란)오리," 5,500 "," ◦ 사료·톱밥차량 기사 농장 출입시 방역복 미착용 및 대인소독 미실시
 ◦ 축사 전실 전용 작업복(방역복) 및 손 소독제 미비치
 ◦ 농장 종사자 축사 진입시 방역복 미착용 및 손 소독 미실시
 ◦ 하나의 작업복 및 방역복으로 전 축사 출입
 ◦ 폐사일지 축사별(동별) 구분하여 기록하지 않음"
94 ,고병원성조류인플루엔자(HPAI),경기 이천 백사면 도립리,해당없음,21.2.13,산란계," 120,749 "," ◦ 농장 울타리 설치 미흡
 ◦ 축사 전실 미설치 (기계실, 창고와 혼용)
 ◦ 농장 출입구 대인소독실 방역복·덧신 미비치, 신발소독조 소독액 미보충
 ◦ 농장 후문(계분차량 출입구) 차량 및 대인소독시설 미설치
 ◦ 관리사무실 및 집란실 신발소독조 미비치
 ◦ 계분장 그물망 미설치, 차단벽 훼손
 ◦ CCTV 관리 미흡 (일부 미설치, 영상기록 1개월 이상 미보관)
 ◦ 미등록 축산차량 운용 (알 운반차량)
 ◦ 하나의 방역복으로 전 축사 출입 및 손 소독 미실시
 ◦ 구서 미흡 (전 축사 쥐 목격, 쥐똥 흔적 발견)
 ◦ 축사별·일자별 산란일지 미기록
 ◦ 농장주 방역교육 미이수
 ◦ 외국인근로자 관할 지자체에 고용 미신고"
95 ,고병원성조류인플루엔자(HPAI),경기 이천 부발읍 가산리,해당없음,21.2.13,산란계," 180,860 "," ◦ 농장 울타리 설치 미흡 (일부 미설치)
 ◦ 농장 출입구 대인소독시설 방역복·덧신·신발소독조·손소독제 미비치
 ◦ 축사 주변 생석회 미도포
 ◦ 전실 내 손 소독제 미비치
 ◦ 전 축사 내 CCTV 미설치
 ◦ 퇴비사 및 비료제조업장 그물망 설치 미흡
 ◦ 야생동물 차단조치 미흡 (농장 내 고양이 출몰)
 ◦ 폐사일지 기록 미흡
 ◦ 재활용 난좌 세척 미흡"
96 ,고병원성조류인플루엔자(HPAI),경기 평택 고덕면 동고리,해당없음,21.2.15,산란계," 369,816 "," ◦ 축사 전실 방역복 및 손소독제 미비치
 ◦ 축사 뒷문 방역복 및 손 소독제 미비치, 발판소독조 관리 미흡
 ◦ 육추사 쪽문(백신팀 출입구) 발판소독조 미비치
 ◦ 사료빈 주변 사료 잔존물 처리 미흡
 ◦ 하나의 작업복으로 전 축사 출입"
97 ,고병원성조류인플루엔자(HPAI),경북 영주 장수면 호문리,엠에스푸드,21.2.15,종오리," 7,037 "," ◦ 농장 울타리 설치 미흡 (일부 미설치, 훼손)
 ◦ 관리사 발판소독조 미비치
 ◦ 왕겨사 입구 상시개방 및 그물망 미설치
 ◦ CCTV 관리 미흡 (일부 고장, 영상기록 1개월 이상 미보관)
 ◦ 하나의 작업복 및 방역복으로 전 축사 출입 
 ◦ 축사별(동별) 폐사·산란일지 미기록
 ◦ 분동시 장비 등 소독실시 미흡
 ◦ 농장주 방역교육 미이수"
98 ,고병원성조류인플루엔자(HPAI),충북 괴산 소수면 아성리,엠에스푸드,21.2.17,종오리," 7,290 "," ◦ 농장 울타리 미설치
 ◦ 농장 정문 출입구 차단바 미설치
 ◦ 농장 후문 출입구 차단바 및 소독시설 미설치
 ◦ 농장 정문 대인소독시설 미설치
 ◦ 관리사무실 신발소독조 미비치
 ◦ 왕겨사 그물망 미설치 (상시 개방)
 ◦ CCTV 관리 미흡(영상기록 1개월 이상 미보관)
 ◦ 사료빈 주변 사료 잔존물 처리 미흡
 ◦ 사료차량기사 방역복 및 덧신 미착용
 ◦ 축사 전실 신발소독조 소독액 교체 미흡, 작업복 및 장화 미비치
 ◦ 출입자(왕겨차량) 출입기록 누락
 ◦ 폐사 및 산란일지 기록 미흡
 ◦ 축사 내 폐사체 수거 미흡
 ◦ 종사자 방역교육 미이수"
99 ,고병원성조류인플루엔자(HPAI),경기 화성 팔탄면 구정리,해당없음,21.2.17,산란계," 149,275 "," ◦ 농장 출입구 터널식 차량소독시설 미작동 (겨울철 소독액 동결)
 ◦ 지게차로 알 환적장 ↔ 농장 출입시 대인소독 미실시(대인소독시설 미통과, 방역복 미환복)
 ◦ 축사 뒷문 방역복 및 장화 미비치, 손소독제 미비치
 ◦ 계분장 입구 그물망 미설치
 ◦ 하나의 작업복(방역복) 및 장화로 전 축사 출입"
100 ,고병원성조류인플루엔자(HPAI),경남 통영 도산면 오륜리,해당없음,21.2.18,"혼합사육
(닭,오리,거위,기러기,칠면조 등)"," 3,629 "," ◦ 농장 울타리 설치 미흡
 ◦ 농장 출입차량 소독시설 미운영 (이동식 고압분무기 수리 중)
 ◦ 농장 출입구 차단바 및 대인소독시설 미설치
 ◦ 축사 전실 미설치, 축사 출입구 방역복 및 손소독제 미비치
 ◦ 축사 신발소독조 관리 미흡(소독액 교체 미흡) 및 부화장 신발소독조 미비치
 ◦ 농장 기자재(가금운반장 등) 외부 방치
 ◦ 일부 왕겨창고 그물망 미설치
 ◦ 농장 마당 및 축사 하단 쥐 구멍, 쥐 목격 등 구서 미흡
 ◦ CCTV 관리 미흡 (일부 고장, 영상기록 1개월 이상 미보관)
 ◦ 하나의 작업복 및 장화로 전 축사 출입 및 대인소독 미실시
 ◦ 야생동물 유입차단 조치 미흡 (축사 내 비둘기, 까마귀 등 텃새 침입)
 ◦ 일부 축사 방사 사육 (거위, 닭)
 ◦ 폐사 및 산란일지 미기록
 ◦ 식품공장 부산물 급이(순대, 만두소, 두부비지)"
101 ,고병원성조류인플루엔자(HPAI),경기 이천 장호원읍 어석리,해당없음,21.2.22,산란종계," 87,900 "," ◦ 농장 울타리 미흡 (일부 미설치, 하부 틈새)
 ◦ 퇴비장 그물망 미흡 (파손 및 구멍, 계분벨트 연결부위 틈새)
 ◦ 야생동물 차단조치 미흡 
   * 육성사 앞, 퇴비장 내 고양이 출몰, 육성사 계분벨트 앞 닭 폐사체(백골화) 발견"
102 ,고병원성조류인플루엔자(HPAI),강원 원주 귀래면 주포리,해당없음,21.2.23,산란계," 175,312 "," ◦ 농장 울타리 미설치
 ◦ 물품반입창고 미설치
 ◦ 농장 출입구 대인소독실(방역실) 방역복·덧신 미비치
 ◦ 농장 측면 통로 이동식 분무기·신발소독조 미비치
 ◦ 4동 전실 방역복·장화 미비치
 ◦ 4동 집란실 신발소독조 미비치
 ◦ 비닐하우스 축사 전실 미설치
 ◦ 비닐하우스 축사 신발소독조·방역복·장화·손소독제 미비치
 ◦ 비닐하우스 축사 그물망 훼손
 ◦ 비료제조업장 및 퇴비장 그물망 미설치
 ◦ 계분벨트 일부 외부 노출
 ◦ 사료빈 하부 잔존사료 처리 미흡
 ◦ 알 운반용 파레트 외부 방치
 ◦ CCTV 미설치 (농장 및 축사)
 ◦ 비료제조업장 출입차량 차량소독 미실시 (터널식·이동식 소독기 미통과)
 ◦ 4동 출입 사료차량 및 알 운반차량 터널식 소독시설 미통과
 ◦ 폐사체 처리 미흡 (축사 내 파 먹힌 폐사체, 계분벨트 위, 축사 내 미이라화)
 ◦ 비닐하우스 축사 내부 고양이 출몰
 ◦ 방역교육 미이수 (축산관련종사자 보수교육)
 ◦ 농장과 병행 운영하는 비료제조업장에 다른 산란계 농장 계분을 반입하여 비료제조"
103 ,고병원성조류인플루엔자(HPAI),경기 포천 영중면 거사리,해당없음,21.2.26,산란계," 183,991 "," ◦ 농장 출입구 대인소독실 신발소독조 관리 미흡 (소독액 미교체)
 ◦ 전실 손 소독제 미비치
 ◦ 전실 신발소독조 관리 미흡 (소독액 미교체)
 ◦ 축사 후문 사용 및 후문 신발소독조 미비치
 ◦ CCTV 미흡 (영상기록 1개월 이상 미보관)
 ◦ 관리사 신발소독조 미비치
 ◦ 퇴비장 그물망 훼손
 ◦ 종사자 축사 출입시 방역복 미착용
 ◦ 외국인근로자 지자체에 고용 미신고
 ◦ 닭 운반장 외부 야적 및 일부 노출 (덮개 미흡)
 ◦ 폐사체 처리 미흡 (퇴비장에 폐사체 방치) "
104 ,고병원성조류인플루엔자(HPAI),전남 나주 봉황면 옥산리,해당없음,21.3.10,산란계," 211,547 "," ◦ 농장 울타리 일부 미설치 및 울타리 하부 틈새
 ◦ 농장 배수로 설치류 등 침입방지 미흡
 ◦ 물품반입창고 미설치
 ◦ 외부 축산관계자(사료차량 기사) 농장 진입 시 방역복 및 덧신 미착용
 ◦ 농장관계자 농장 진입시 차량소독 미실시
 ◦ 전실과 축사가 떨어져 위치하고 있어 축사 출입 시 외부 노출
 ◦ 하나의 작업복으로 전 축사 및 계란 선별장(집란실) 출입
 ◦ 구서 미흡(오랜기간 동안 구서제 미교체)"
105 ,고병원성조류인플루엔자(HPAI),충북 충주 소태면 주치리,해당없음,21.3.10,토종닭," 12,300 "," ◦ 농장 출입구 대인소독시설 미설치
 ◦ CCTV 영상기록 보관 미흡 (보관기간 1일)
 ◦ 관리사무실 신발소독조 미비치
 ◦ 전 축사 전실 미설치 및 전용장화·신발소독조·손 소독제 미비치
 ◦ 축사 뒷문 미폐쇄 및 뒷문에 신발소독조 미비치
 ◦ 하나의 장화와 방역복으로 전 축사 출입
 ◦ 사료빈 하부 잔존 사료 처리 미흡
 ◦ 구서 미흡(축사 내 쥐 출몰 및 닭 폐사체 섭식)
 ◦ 외국인근로자 고용 미신고
 ◦ 일부 가금 방사사육 
 ◦ 폐사일지(4동) 미작성
 ◦ 지연 신고 (과거 1주간 폐사가 2배 이상 증가)"
106 ,고병원성조류인플루엔자(HPAI),충북 충주 소태면 주치리,해당없음,21.3.11,산란계," 551,145 "," ◦ 농장 울타리 일부 미설치
 ◦ 퇴비장 그물망 미설치
 ◦ 계란벨트 외부노출 및 계란벨트와 축사 연결부위 틈새
 ◦ 계분벨트 외부노출 및 계분벨트와 축사 연결부위 틈새
 ◦ 계분벨트 하단에 떨어진 계분 청소 미흡
 ◦ 축사 뒷문 미 폐쇄
 ◦ 하나의 작업복으로 전 축사 출입
 ◦ 농장 내 전동카트로 농장 내·외부 출입시 카트와 운전자 소독 미흡 
 ◦ 축사 물품반입창고에 소독조치 없이 물품 반입
 ◦ 퇴비장 출입 톱밥차량 차량 및 대인소독 미흡
 ◦ 비료제조업장 고압분무기 미설치, 차량 및 사람 소독 미흡"
107 ,고병원성조류인플루엔자(HPAI),전남 장흥 장평면 기동리,다솔,21.3.21,육용오리," 20,000 "," ◦ 농장 울타리 설치 미흡 (일부 미설치)
 ◦ 퇴비장 그물망 미설치
 ◦ 차량소독시설(U자형) 미작동 (고장, 2.25~)
 ◦ 축사 신발소독조 관리 미흡 (소독액 미보충)
 ◦ 6동 뒤쪽 쪽문 미폐쇄
 ◦ CCTV 영상기록 1개월 이상 미보관 (12일 보관)
 ◦ 야생동물 농장 내 유입차단 조치 미흡
 ◦ 사료차량 소독필증 일부 미보관 (3.4일, 8일, 17일)
 ◦ 분동시 오리 병아리 외부노출 및 분동통로 소독조치 미흡
 ◦ 폐사일지 축사별(동별) 미작성"
108 ,고병원성조류인플루엔자(HPAI),전남 나주 산포면 등수리,다솔,21.3.23,육용오리," 20,100 "," ◦ 농장 울타리 관리 미흡 (그물망 일부 훼손)
 ◦ 전실 내 축사 전용 작업복(방역복) 및 손 소독제 미비치
 ◦ 하나의 작업복(방역복) 및 장화로 전 축사 출입
 ◦ CCTV 관리 미흡 (고장)
 ◦ 사육도구 외부보관 (원통형 사료급이기, 분동장비)
 ◦ 분동시 오리 병아리 외부노출 및 바닥에 비닐 등 미도포
 ◦ 폐사일지 축사별(동별) 미작성"
109 ,고병원성조류인플루엔자(HPAI),전남 장흥 장평면 양촌리,다솔,21.4.6,육용오리," 25,000 "," ◦ 2농장 울타리 일부 미설치
 ◦ 축사 그물망 훼손(1농장 육추동), 축사 구멍(1농장 5동)
 ◦ 1농장 뒤편 쪽문 사용(종사자 출입) 및 신발소독조 미비치
 ◦ 1농장 공사인력(상수도 계량기) 방역복 미착용 및 출입기록부 미작성 
 ◦ 사육도구(사료통) 외부보관 및 분동시 오리 병아리 외부노출
 ◦ 1농장 왕겨창고(퇴비장 겸용, 차단망 설치) 야생조류(참새) 출몰
 ◦ 1, 2농장 트랙터 공동사용 
 ◦ 폐사일지 동별 미작성"
110 ,고병원성조류인플루엔자(HPAI),경북 예천군 개포면 가곡리,엠에스푸드,22.10.17,종오리,"9,519 ","  ㅇ 왕겨창고 차단망 일부 틈새(왕겨창고 내 야생조류 출몰)
  ㅇ 농장 출입차량(왕겨) 거점소독 실시하지 않고 농장 방문
  ㅇ 일부 농장 출입차량 2단계 소독(고정식+고압분무) 미실시
  ㅇ 일부 농장 출입자 대인소독 미실시, 방역복·덧신 미착용
  ㅇ 일부 농장 부출입구 발판소독조 미비치
  ㅇ 축사 출입시 하나의 작업복·장화로 전 축사 출입
  ㅇ 일부 축산차량에 대한 소독필증 미보관
  ㅇ 농장 사양관리 도구(손수레·스키로더 등) 바퀴 세척·소독 미흡"
111 ,고병원성조류인플루엔자(HPAI),경북 예천군 개포면 가곡리,마니커,22.10.21,종계,"32,073 ","  ㅇ 농장 울타리 하부 틈새
  ㅇ 농장 정문 출입차단시설 및 차량 소독기 앞 일시정지 차단바 없음
  ㅇ 관리사무실 및 종란보관실 신발소독조 미비치
  ㅇ 일부 출입차량(알 운반) 거점소독 실시하지 않고 농장 방문
  ㅇ 일부 축산차량(알 운반) 소독필증 미보관
  ㅇ 일부 출입차량(전기점검) 2단계 고압분무 차량소독 미실시
  ㅇ 일부 출입자(알 운반, 계열 관계자) 대인소독 미실시, 방역복 미착용
  ㅇ 농장 종사자 외출 후 농장 복귀시 대인소독 미실시
  ㅇ 농장 정문 대인소독시설 방역복, 덧신 미비치
  ㅇ 축사 출입시 하나의 작업복으로 전 축사 출입
  ㅇ 축사 뒷문 발판소독조, 축사전용 신발, 손 소독제 미비치
  ㅇ 종란보관실 출입시 작업복·신발 미환복, 대인소독 미실시
  ㅇ 일부 농장 출입자(알 운반, 계열 관계자) 출입기록부 미작성
  ㅇ 농장 사양관리 도구(손수레·지게차 등) 세척·소독 미흡
  ㅇ 일부 CCTV 영상기록 30일 이상 미보관
  ㅇ 일부 사료빈 하부 잔존사료 있음"
112 ,고병원성조류인플루엔자(HPAI),충북 진천군 이월면 동성리,목우촌,22.10.26,육용오리,"17,750 ","  ㅇ 톱밥창고 입구 상시개방 및 틈새
  ㅇ 오리 분동통로 틈새, 바닥 부직포 훼손
  ㅇ 일부 출입차량(사료) 차량·대인소독 미실시, 방역복·덧신 미착용
  ㅇ 종사자 농장 출입시 대인소독 미실시
  ㅇ 농장 부출입구(출하시 사용) 발판소독조 미비치
  ㅇ 하나의 작업복 및 장화로 전실을 거치지 않고 축사 출입
  ㅇ 축사 뒷문(분동시 사용) 발판소독조, 축사전용 신발, 손 소독제 미비치
  ㅇ 일부 축산차량(사료) 소독필증 미보관
  ㅇ 일부 농장 출입자(사료) 출입기록부 미작성
  ㅇ 농장 사양관리 도구(전동손수레·트랙터 등) 세척·소독 미흡
  ㅇ CCTV 영상기록 30일 이상 미보관"
113 ,고병원성조류인플루엔자(HPAI),충북 청주시 청원구 오창읍 도암리,주원산오리,22.11.3,육용오리,"12,000 ","  ㅇ 일부 축사 틈새(쥐 구멍 등)
  ㅇ 왕겨창고 하단부 일부 틈새
  ㅇ 일부 출입차량(사료) 차량소독(고정식+고압분무) 및 대인소독 미실시
  ㅇ 농장 관계자 농장 전용 작업복 및 장화 미착용, 대인소독 없이 농장 출입
  ㅇ 농장 관계자 하나의 작업복·장화로 전실을 거치지 않고 축사 출입
  ㅇ 농장 사양관리 장비(로터리 트랙터) 세척·소독 미흡
  ㅇ 농기계센터 방문자·차량·수리기계 등에 대한 소독 미흡"
114 ,고병원성조류인플루엔자(HPAI),충북 청주시 청원구 북이면 화상리,목우촌,22.11.4,육계,"55,000 ","  ㅇ 농장 측면 울타리 구멍 및 후면 울타리 틈새
  ㅇ 관리사 발판소독조 미설치
  ㅇ 농장 출입자(종사자, 사료기사, 인근주민 등) 대인소독 미실시
  ㅇ 농장 출입장비(트랙터) 소독 미실시
  ㅇ 축사 전용 작업복 미착용 (하나의 작업복으로 전 축사 출입)
  ㅇ 축사 옆문 출입구 발판소독조 미비치
  ㅇ 일부 출입자(인근주민) 출입기록부 미작성"
115 ,고병원성조류인플루엔자(HPAI),충북 청주시 청원구 북이면 화하리,엠에스푸드,22.11.4,육용오리,"13,200 ","  ㅇ 농장 울타리 하부 틈새
  ㅇ 관리사 발판소독조 미설치
  ㅇ 왕겨창고 입구 개방·차단망 미설치, 지붕 훼손(후면)
  ㅇ 농장 출입자(종사자, 사료) 대인소독 미실시
  ㅇ 농장 출입차량(사료) 차량소독 미실시
  ㅇ 축사 전실 운영 미흡
  ㅇ 로터리용 관리기 축사 출입시 소독 미실시
  ㅇ 폐사체 처리시 출입자 및 동선 등에 대한 소독 미흡
  ㅇ 농장 장비(왕겨살포기, 로터리용 관리기 등) 세척·소독 미흡
  ㅇ 농장 CCTV 영상저장 미준수(30일 이상 미보관)"
116 ,고병원성조류인플루엔자(HPAI),전북 순창군 유등면 오교리,해당없음,22.11.4,산란계,"154,800 ","  ㅇ 퇴비장 차단망 미설치, 퇴비장 창고 계란 환적장 겸용, 소독시설 없음
  ㅇ 관리사 신발소독조 미설치
  ㅇ 집란벨트 및 계분벨트 축사 연결 부위 틈새
  ㅇ 농장 출입구 대인소독실 방역복, 덧신, 손 소독제 미비치
  ㅇ 농장 출입구 고정식 차량소독시설(U자형) 고장, 소독 미실시
  ㅇ 축사 전실 운영 미흡
  ㅇ 축사 뒷문(퇴비장 연결) 신발소독조, 축사전용 장화, 손 소독제 미비치
  ㅇ 미등록 축산차량(지입차량)으로 발생농장에 난좌 운반
  ㅇ 백신접종팀 농장 출입전 사전 신고 미실시
  ㅇ 일부 출입자(백신, 난좌, 알 운반 등) 출입기록부 미작성
  ㅇ CCTV 영상저장 미준수(30일 이상 미보관)"
117 ,고병원성조류인플루엔자(HPAI),충북 청주시 청원구 북이면 화상리,해당없음,22.11.7,메추리,"49,800 ","  ㅇ 농장 출입구 대인소독시설 미흡(자외선 조사 및 분무소독 부적정)
  ㅇ 집란벨트 축사 연결부위 틈새
  ㅇ 농장 출입차량(알운반, 계분운반) 고정식 차량소독(U자형) 소독 미실시
  ㅇ 농장 출입자(알 운반, 계분운반 기사) 방역복·덧신 미착용
  ㅇ 농장 출입자(계분운반 기사) 농장 출입시 대인소독 미실시
  ㅇ 농장 사양관리 도구(손수레 등) 세척·소독 미흡
  ㅇ 일부 출입자(계분운반) 출입기록부 미작성"
118 ,고병원성조류인플루엔자(HPAI),충남 천안시 동남구 동면 화계리,엠에스푸드,22.11.9,종오리,"7,700 ","  ㅇ 일부 축사 틈새 및 구멍
  ㅇ 왕겨창고 차단망 틈새
  ㅇ 농장 출입자(종사자, 사료) 대인소독 미실시
  ㅇ 농장 출입차량(종사자, 사료) 차량소독 미실시
  ㅇ 하나의 작업복 및 장화로 전 축사 출입
  ㅇ 축사 전실 발판소독조 관리 미흡(소독액 교체 미흡 등)"
119 ,고병원성조류인플루엔자(HPAI),충북 청주시 청원구 오창읍 괴정리,주원산오리,22.11.9,육용오리,"22,300 ","  ㅇ 왕겨창고 개방 및 차단망 미설치
  ㅇ 일부 축사 틈새(그물망 훼손)
  ㅇ 관리사 발판소독조 미설치
  ㅇ 농장 출입차량(사료) 2단계(고정식+고압분무) 차량소독 미실시
  ㅇ 농장 종사자 등 부출입구로 출입시 대인소독 미실시
  ㅇ 논 농사용 농기계(콤바인) 농장 진입시 소독 미실시
  ㅇ 농장 정문 대인소독실 덧신 미비치, 신발소독조 소독액 없음
  ㅇ 축사 전실 운영 미흡
  ㅇ 축사 뒷문 분동시 사용, 신발소독조, 장화, 손 소독제 미비치
  ㅇ 로터리용 트랙터 축사 출입시 소독 미실시
  ㅇ 폐사일지 작성 미흡(동별 및 일자별 미기록)
  ㅇ 일부 출입자(사료) 출입기록부 미작성
  ㅇ 농장 사양관리 도구(트랙터, SS기 등) 세척·소독 미흡"
120 ,고병원성조류인플루엔자(HPAI),충북 청주시 상당구 미원면 계원리,주원산오리,22.11.10,종오리,"4,300 ","  ㅇ 농장 일부 울타리 훼손
  ㅇ 관리사 발판소독조 미설치
  ㅇ 농장 출입차량 및 출입자(농장 알 환적, 왕겨 등) 차량·대인소독 미실시 
  ㅇ 사료차량 농장 출입시 차량소독(고정식) 미실시
  ㅇ 축사 전실 운영 미흡"
121 ,고병원성조류인플루엔자(HPAI),충북 충주시 대소원면 영평리,주원산오리,22.11.12,육용오리,"7,280 ","  ㅇ 일부 축사 틈새(그물망 찢어짐)
  ㅇ 농장 출입자(종사자 및 관계자, 지대사료기사) 대인소독 미실시
  ㅇ 농장 출입자(지대사료기사) 농장 전용 방역복 및 덧신 미착용
  ㅇ 농장 출입차량(지대사료, 입식차량) 차량소독(2단계 고압분무) 미실시
  ㅇ 축사 전실 운영 미흡
  ㅇ 농장 부출입구(퇴비장 출입용) 신발소독조 미비치
  ㅇ 일부 출입자 출입기록부 미작성
  ㅇ 농장 사양관리 장비(관리기, 손수레 등) 세척·소독 미흡"
122 ,고병원성조류인플루엔자(HPAI),강원도 원주시 봉산동,해당없음,22.11.14,산란계,"66,730 ","  ㅇ 농장 울타리 일부 미설치 및 틈새
  ㅇ 퇴비장 출입구 고정식 소독시설 없음
  ㅇ 농장 출입(퇴비장용 파레트) 차량소독(1단계+2단계)·대인소독 미실시
  ㅇ 농장 대인소독시설 방역복 및 장화 미비치
  ㅇ 관리사 발판소독조 관리 미흡 (소독액 부족 등)
  ㅇ 농장 출입차량 (알 운반, 톱밥) 소독필증 미보관
  ㅇ 외국인근로자 고용 미신고
  ㅇ 농장 사양관리 장비(포크레인, 스키로더, 손수레 등) 세척·소독 미흡
  ㅇ CCTV 영상기록 30일 이상 미보관"
123 ,고병원성조류인플루엔자(HPAI),경기 용인시 처인구 백암면 옥산리,해당없음,22.11.15,종계,"41,396 ","  ㅇ 농장 울타리 일부 미설치
  ㅇ 계분장 차단망 틈새 
  ㅇ 농장 출입차량(가축운반, 알 운반, 지대사료 등) 소독(2단계 고압분무) 미실시
  ㅇ 농장 출입자(가축운반, 사료, 톱밥, 알 운반, 계분반출 등) 대인소독 미실시
  ㅇ 축사 전실 운영 미흡
  ㅇ 폐사체 처리시 별도 소독조치 없음
  ㅇ 농장 사양관리 장비(스키로더 등) 세척·소독 미흡
  ㅇ 일부 출입자 출입기록부 미작성"
124 ,고병원성조류인플루엔자(HPAI),전남 장흥군 부산면 기동리,다솔,22.11.15,육용오리,"10,500 ","  ㅇ 관리사 신발소독조 미설치
  ㅇ 농장 출입차량(사료) 차량소독(2단계 고압분무) 미실시
  ㅇ 축사 전실 운영 미흡
  ㅇ 축사 뒷문 신발소독조 미비치
  ㅇ 농장 사양관리 장비(트랙터, 손수레) 세척·소독미흡
  ㅇ 일부 출입자(왕겨) 출입기록부 미작성"
125 ,고병원성조류인플루엔자(HPAI),경기 화성시 향남읍 구문천리,부성팜스,22.11.16,종계,"23,954 ","  ㅇ 농장 부출입구 이동식 고압분무기, 대인소독실 없음
  ㅇ 관리사 신발소독조 미설치
  ㅇ 농장 출입차량(사료, 백신접종, 입식) 차량소독(1단계+2단계) 미실시
  ㅇ 농장 출입자(백신접종, 입식, 외국인근로자) 대인소독 미실시
  ㅇ 축사 전실 운영 미흡
  ㅇ 일부 출입자(가축운반, 사료) 출입기록부 미작성
  ㅇ 일부 CCTV 미작동 및 영상기록 30일 이상 미보관
  ㅇ 농장 사양관리 장비(손수레) 세척·소독 미흡
  ㅇ 일부 외국인근로자 고용 미신고"
126 ,고병원성조류인플루엔자(HPAI),경기 평택시 포승읍 석정리,해당없음,22.11.17,산란계,"6,266 ","  ㅇ 농장 울타리 일부 미설치
  ㅇ 농장 출입차량(알, 사료, 왕겨운반 등) 차량소독(2단계 고압분무) 미실시
  ㅇ 축사 전실 운영 미흡
  ㅇ 농장 사양관리 장비(손수레) 세척·소독 미흡
  ㅇ 폐사체 처리시 별도 소독조치 없음
  ㅇ 일부 출입자(알 운반) 출입기록부 미작성
  ㅇ 일부 축산차량(사료) 소독필증 미보관"
127 ,고병원성조류인플루엔자(HPAI),충북 청주시 상당구 미원면 월용리,사조원,22.11.17,종오리,"8,500 ","  ㅇ 농장 울타리 일부 틈새
  ㅇ 관리사 신발소독조 미설치
  ㅇ 농장 출입구 이동식 고압분무기 수압 약함
  ㅇ 축사 전실 운영 미흡
  ㅇ 일부 출입자(왕겨 등) 출입기록부 미작성
  ㅇ CCTV 영상기록 30일 이상 미보관
  ㅇ 농장 사양관리 장비(손수레, 왕겨살포기 등) 세척·소독 미흡
  ㅇ 폐사체 처리시 별도 소독조치 없음"
128 ,고병원성조류인플루엔자(HPAI),전남 나주시 공산면 가송리,제이디팜,22.11.21,육용오리,"79,800 ","  ㅇ 농장 울타리 일부 미설치 및 훼손
  ㅇ 퇴비장 차단망 틈새
  ㅇ 일부 농장 출입차량 차량소독(2단계 고압분무) 미실시
  ㅇ 일부 농장 출입자 대인소독 미실시, 방역복·덧신 미착용
  ㅇ 축사 전실 운영 미흡
  ㅇ 트랙터(로터리, 분동) 축사간 출입시 소독 미실시
  ㅇ 일부 CCTV 고장 및 30일 이상 미보관
  ㅇ 일부 출입자 출입기록부 미작성
  ㅇ 폐사체 처리시 소독조치 미흡
  ㅇ 일부 사양관리 장비 세척·소독 미흡"
129 ,고병원성조류인플루엔자(HPAI),경기 평택시 포승읍 석정리,해당없음,22.11.23,산란계,"34,855 ","  ㅇ 퇴비장 차단망 틈새
  ㅇ 계분벨트 연결통로 구멍
  ㅇ 일부 농장 출입자 대인소독 미실시, 방역복·덧신 미착용
  ㅇ 축사 전실 운영 미흡
  ㅇ 농장 내외부 소독실시기록부 미작성
  ㅇ 일부 출입자 출입기록부 미작성
  ㅇ 폐사체 처리시 소독조치 미흡
  ㅇ 일부 사양관리 장비 세척·소독 미흡"
130 ,고병원성조류인플루엔자(HPAI),경기 이천시 마장면 해월리,해당없음,22.11.25,산란계,"171,265 ","  ㅇ 농장 일부 울타리 하부 틈새
  ㅇ 관리사 신발소독조 미설치
  ㅇ 일부 농장 출입자 방역복·덧신 미착용
  ㅇ 축사 전실 운영 미흡
  ㅇ 일부 출입자 출입기록부 미작성
  ㅇ 일부 사양관리 장비 세척·소독 미흡
  ㅇ 일부 농장 출입차량 소독필증 미보관"
131 ,고병원성조류인플루엔자(HPAI),전남 고흥군 동강면 오월리,제이디팜,22.11.25,육용오리,"26,000 ","  ㅇ 이용중인 농장 부출입구 차량소독기 및 신발소독조 미설치
  ㅇ 관리사 신발소독조 미설치
  ㅇ 일부 농장 출입자 대인소독 미실시
  ㅇ 축사 전실 운영 미흡
  ㅇ 분동시 분동경로(마을 농로) 소독 미실시
  ㅇ 농장내 CCTV 영상기록 30일 이상 미보관
  ㅇ 일부 출입자 출입기록부 미작성
  ㅇ 폐사체 처리시 소독조치 미흡
  ㅇ 일부 사양관리 장비 세척·소독 미흡"
132 ,고병원성조류인플루엔자(HPAI),충남 홍성군 갈산면 운곡리,해당없음,22.11.26,관상조,124 ,"  ㅇ 일부 외부 울타리 미설치
  ㅇ 소독시설 미설치
  ㅇ 전실 미설치
  ㅇ 방사장 그물망 설치 미흡
  ㅇ 가금류 방사 사육
  ㅇ 축사 출입시 별도의 방역 조치 없음
  ㅇ 사용중인 소독제 유효기간 경과
  ㅇ 사육중인 개에게 폐사체 급이"
133 ,고병원성조류인플루엔자(HPAI),전남 나주시 공산면 가송리,해당없음,22.11.27,산란계,"55,000 ","  ㅇ 농장 울타리 일부 미설치
  ㅇ 퇴비장 일부 방조망 미설치
  ㅇ 관리사 발판소독조 미설치
  ㅇ 이용중인 농장 부출입구 차량소독기 및 대인소독시설 미설치
  ㅇ 일부 농장 출입차량 차량소독(1단계+2단계) 미실시
  ㅇ 일부 농장 출입자 대인소독 미실시, 방역복·덧신 미착용
  ㅇ 일부 출입자 출입기록부 미작성
  ㅇ 일부 출입자 소독필증 농장내 미보관
  ㅇ 일부 사양관리 장비 세척·소독 미흡"
134 ,고병원성조류인플루엔자(HPAI),전남 나주시 공산면 가송리,다솔,22.11.27,육용오리,"45,000 ","  ㅇ 농장 울타리 일부 하부 틈새
  ㅇ 퇴비장 일부 그물망 미설치
  ㅇ 일부 농장 출입차량 차량소독(1단계+2단계) 미실시
  ㅇ 일부 농장 출입자 방역복 미착용
  ㅇ 농장 종사자 축사 출입시 방역복 미착용
  ㅇ 일부 출입자 출입기록부 미작성
  ㅇ 폐사체 처리시 소독조치 미흡
  ㅇ 일부 사양관리 장비 세척·소독 미흡"
135 ,고병원성조류인플루엔자(HPAI),울산 울주군 삼동면 하잠리,오케이,22.11.28,산란계,"64,600 ","  ㅇ 농장 울타리 일부 미설치
  ㅇ 퇴비장 내 일부 틈새
  ㅇ 일부 농장 출입차량 차량소독(1단계+2단계) 미실시
  ㅇ 일부 농장 출입자 대인소독 미실시, 방역복 미착용
  ㅇ 집란실 운영 미흡
  ㅇ 일부 출입자 출입기록부 미작성
  ㅇ 폐사체 처리시 소독조치 미흡
  ㅇ 일부 사양관리 장비 세척·소독 미흡"
136 ,고병원성조류인플루엔자(HPAI),경기 안성시 일죽면 화곡리,주원산오리,22.11.28,육용오리,"12,800 ","  ㅇ 농장 울타리 하부 틈새 및 일부 훼손
  ㅇ 일부 농장 출입차량 차량소독(2단계 고압분무) 미실시
  ㅇ 일부 농장 출입자 대인소독 미실시, 방역복·덧신 미착용
  ㅇ 축사 전실 운영 미흡
  ㅇ 분동시 분동경로 소독 미실시
  ㅇ 일부 출입자 출입기록부 미작성
  ㅇ 폐사체 처리시 소독조치 미흡
  ㅇ 일부 사양관리 장비 세척·소독 미흡"
137 ,고병원성조류인플루엔자(HPAI),전남 나주시 반남면 흥덕리,제이디팜,22.12.1,육용오리,"14,000 ","  ㅇ 로터리 작업시 방역조치 미흡
  ㅇ 폐사체 처리시 소독조치 미흡
  ㅇ 일부 사양관리 장비 세척·소독 미흡"
138 ,고병원성조류인플루엔자(HPAI),전북 고창군 해리면 라성리,장안농원,22.12.1,육용오리,"9,000 ","  ㅇ 농장 울타리 일부 미설치
  ㅇ 관리사 발판소독조 미설치
  ㅇ 일부 농장 출입차량 차량소독(2단계 고압분무) 미실시
  ㅇ 일부 농장 출입자 대인소독 미실시, 방역복·덧신 미착용
  ㅇ 축사 전실 운영 미흡
  ㅇ 로터리 장비 축사간 출입시 소독 미실시
  ㅇ CCTV 영상기록 30일 이상 미보관
  ㅇ 폐사체 처리시 소독조치 미흡
  ㅇ 일부 사양관리 장비 세척·소독 미흡"
139 ,고병원성조류인플루엔자(HPAI),전남 나주시 동강면 진천리,제이디팜,22.12.2,육용오리,"20,300 ","  ㅇ 농장 울타리 일부 미설치 및 훼손
  ㅇ 부출입구 대인소독실 미설치
  ㅇ 왕겨창고 그물망 미설치
  ㅇ 일부 농장 출입차량 차량소독(1단계+2단계) 미실시
  ㅇ 일부 농장 출입자 대인소독 미실시
  ㅇ 축사 전실 운영 미흡
  ㅇ 인근 한우농장과 장비 공동사용
  ㅇ 폐사체 처리시 소독조치 미흡
  ㅇ 일부 사양관리 장비 세척·소독 미흡
  ㅇ 공사 차량 및 공사인력 소독 미실시"
140 ,고병원성조류인플루엔자(HPAI),전남 무안군 현경면 해운리,해당없음,22.12.3,종오리,"8,000 ","  ㅇ 농장 울타리 일부 미설치 및 훼손
  ㅇ 일부 농장 출입차량 차량소독(1단계+2단계) 미실시
  ㅇ 일부 농장 출입자 대인소독 미실시, 방역복․덧신 미착용
  ㅇ 축사 전실 운영 미흡
  ㅇ 인근 제2농장과 장비 공동사용
  ㅇ 폐사 및 산란일지 미기록
  ㅇ 소독실시기록부 미기록
  ㅇ 폐사체 처리시 소독조치 미흡
  ㅇ 일부 사양관리 장비 세척·소독 미흡"
141 ,고병원성조류인플루엔자(HPAI),전남 함평군 함평읍 만흥리,해당없음,22.12.3,산란계,"400,000 ","  ㅇ 이용중인 농장 부출입구 소독시설 미설치
  ㅇ 퇴비장 차단망 미설치
  ㅇ 계분벨트와 축사 연결 부위 일부 틈새
  ㅇ 일부 농장 출입자 대인소독 미실시
  ㅇ 출입기록부 미비치
  ㅇ 축사 전실 운영 미흡
  ㅇ 일부 사양관리 장비 세척·소독 미흡
  ㅇ 외국인 근로자 고용 미신고
  ㅇ 백신 접종팀 농장 방문시 관할 지자체 미신고"
142 ,고병원성조류인플루엔자(HPAI),전남 함평군 엄다면 송로리,해당없음,22.12.4,산란계,"80,000 ","  ㅇ 농장 울타리 일부 구간 미설치
  ㅇ 퇴비사 출입구 별도의 소독시설 미설치
  ㅇ 퇴비사 차단망 미설치 및 일부 훼손
  ㅇ 일부 농장 출입차량 차량소독(1단계+2단계) 미실시
  ㅇ 일부 농장 출입자 대인소독 미실시, 방역복·덧신 미착용
  ㅇ 축사 전실 운영 미흡
  ㅇ 집란실 발판소독조 외부 비치 및 동결
  ㅇ 외국인 근로자 고용 미신고
  ㅇ 폐사체 처리시 소독조치 미흡
  ㅇ 일부 사양관리 장비 세척·소독 미흡"
143 ,고병원성조류인플루엔자(HPAI),전남 나주시 동강면 장동리,사조원,22.12.5,육용오리,"11,800 ","  ㅇ 농장 울타리 일부 구간 미설치
  ㅇ 왕겨창고 차단망 미설치
  ㅇ 농장 운영 미등록 축산차량 농장내 주차
  ㅇ 관리사 신발소독조 외부 비치 및 동결
  ㅇ 폐사체 처리시 소독조치 미흡
  ㅇ 일부 사양관리 장비 세척·소독 미흡"
144 ,고병원성조류인플루엔자(HPAI),전남 무안군 현경면 평산리,사조원,22.12.7,종오리,"6,300 ","  ㅇ 농장 울타리 일부 미설치 및 훼손
  ㅇ 축사 일부 그물망 훼손
  ㅇ 일부 축사 전실 미설치
  ㅇ 일부 농장 출입차량 차량소독(1단계+2단계) 미실시
  ㅇ 일부 농장 출입자 대인소독 미실시
  ㅇ 일부 축사 진입시 전실 미경유
  ㅇ 일부 CCTV 영상기록 30일 이상 미보관
  ㅇ 일부 출입자 출입기록부 미작성
  ㅇ 소독실시기록부 미작성
  ㅇ 외국인 근로자 고용 미신고
  ㅇ 일부 사양관리 장비 세척·소독 미흡
  ㅇ 일부 출입차량 소독필증 미보관"
145 ,고병원성조류인플루엔자(HPAI),전남 곡성군 겸면 현정리,제이디팜,22.12.7,육용오리,"12,500 ","  ㅇ 농장 울타리 일부 구간 훼손
  ㅇ 축사 방조망 일부 훼손 및 틈새
  ㅇ 일부 농장 출입차량 차량소독(1단계+2단계) 미실시
  ㅇ 일부 농장 출입자 대인소독 미실시, 방역복·덧신 미착용
  ㅇ 축사 전실 운영 미흡
  ㅇ 구서작업 미실시
  ㅇ 일부 출입자 출입기록부 미작성
  ㅇ 폐사체 처리시 소독조치 미흡
  ㅇ 일부 사양관리 장비 세척·소독 미흡"
146 ,고병원성조류인플루엔자(HPAI),전남 영암군 서호면 태백리,해당없음,22.12.8,산란계,"91,000 ","  ㅇ 관리사 발판소독조 미설치
  ㅇ 퇴비장 상시 개방
  ㅇ 일부 농장 출입차량 차량소독(1단계+2단계) 미실시
  ㅇ 농장 종사자 농장 출입시 대인소독 미실시
  ㅇ 축사 전실 운영 미흡
  ㅇ 일부 출입자 출입기록부 미작성
  ㅇ 백신접종팀 관할 지자체 신고 미실시
  ㅇ 일부 출입자 소독필증 농장내 미보관
  ㅇ 일부 사양관리 장비 세척·소독 미흡"
147 ,고병원성조류인플루엔자(HPAI),전남 무안군 현경면 오류리,제이디팜,22.12.9,종오리,"7,000 ","  ㅇ 관리사 발판소독조 미설치
  ㅇ 왕겨창고 일부 차단망 미설치
  ㅇ 일부 농장 출입차량 차량소독(2단계 고압분무) 미실시
  ㅇ 일부 농장 출입자 방역복·덧신 미착용
  ㅇ 축사 전실 운영 미흡
  ㅇ 왕겨살포장비 축사간 출입시 소독 미실시
  ㅇ 일부 출입자 출입기록부 미작성
  ㅇ 폐사체 처리시 소독조치 미흡
  ㅇ 폐사일지 미기록"
148 ,고병원성조류인플루엔자(HPAI),라남 영암군 시종면 옥야리,참프레,22.12.9,육계,"120,000 ","  ㅇ 일부 농장 출입차량 차량소독(1단계+2단계) 미실시
  ㅇ 일부 농장 출입자 대인소독 미실시
  ㅇ 축사 전실 운영 미흡
  ㅇ 폐사체 처리시 소독조치 미흡"
149 ,고병원성조류인플루엔자(HPAI),전남 무안군 삼향읍 지산리,다솔,22.12.10,육용오리,"15,700 ","  ㅇ 농장 울타리 일부 구간 미설치 
  ㅇ 관리사 발판소독조 미설치
  ㅇ 일부 농장 출입차량 차량소독(2단계 고압분무) 소독 미실시
  ㅇ 일부 농장 출입자 대인소독 미실시, 방역복·덧신 미착용
  ㅇ 축사 전실 운영 미흡
  ㅇ CCTV 영상기록 30일 이상 미보관
  ㅇ 구서작업 미실시
  ㅇ 폐사체 처리시 소독조치 미흡
  ㅇ 일부 사양관리 장비 세척·소독 미흡"
150 ,고병원성조류인플루엔자(HPAI),전남 영암군 시종면 봉소리,제이디팜,22.12.10,육용오리,"29,000 ","  ㅇ 육추동 전실 미설치
  ㅇ 왕겨창고 일부 틈새
  ㅇ 일부 농장 출입자 방역복·덧신 미착용
  ㅇ 일부 농장 출입자 출입기록부 미작성
  ㅇ 일부 사양관리 장비 세척·소독 미흡"
151 ,고병원성조류인플루엔자(HPAI),전남 영암군 삼호읍 동호리,해당없음,22.12.10,산란계,"39,000 ","  ㅇ 농장 울타리 일부 미설치
  ㅇ 퇴비장 차단망 미설치
  ㅇ 축사와 집란벨트 연결부위 틈새
  ㅇ 일부 농장 출입차량 차량소독 미실시
  ㅇ 일부 농장 출입자 대인소독 미실시, 방역복·덧신 미착용
  ㅇ 축사 전실 운영 미흡
  ㅇ 백신접종팀 관할 지자체 신고 미실시
  ㅇ 폐사체 처리시 소독조치 미흡
  ㅇ 일부 사양관리 장비 세척·소독 미흡
  ㅇ 일부 농장 출입자 출입기록 미작성"
152 ,고병원성조류인플루엔자(HPAI),전라남도 함평군 함평읍 가동리,해당없음,22.12.12,산란계,"53,800 ","  ㅇ 농장 정문 고정식 차량소독기 및 대인소독기 미설치
  ㅇ 농장 울타리 일부 미설치 및 퇴비장 차단망 미설치
  ㅇ 관리사 및 외국인 근로자 숙소 발판소독조 미설치
  ㅇ 축사 전실 운영 미흡
  ㅇ 외국인 근로자 고용 미신고
  ㅇ 일부 출입자 출입기록부 미작성
  ㅇ 일부 출입자 소독필증 농장내 미보관
  ㅇ 폐사체 처리시 소독조치 미흡
  ㅇ 일부 사양관리 장비 세척·소독 미흡"
153 ,고병원성조류인플루엔자(HPAI),경상남도 진주시 수곡면 대천리,주원산오리,22.12.12,육용오리,"16,100 ","  ㅇ 일부 축사 내부 틈새
  ㅇ 왕겨창고 차단망 미설치
  ㅇ 전실이 설치되지 않은 축사 뒷문 사용
  ㅇ 축사 전실 운영 미흡
  ㅇ 폐사체 처리시 소독조치 미흡
  ㅇ 사육중인 개에게 폐사체를 급이
  ㅇ 폐사일지 일부 기록 미작성"
154 ,고병원성조류인플루엔자(HPAI),전라남도 해남군 송지면 해원리,다솔,22.12.12,육용오리,"39,000 ","  ㅇ 농장 울타리 일부 미설치 및 훼손
  ㅇ 왕겨창고 입구 차단망 미설치
  ㅇ 축산차량 교육 미이수
  ㅇ 일부 농장 출입차량 차량소독(1단계+2단계) 미실시
  ㅇ 일부 농장 출입자 대인소독 미실시
  ㅇ 축사 전실 운영 미흡
  ㅇ 로터리용 트랙터 축사간 출입시 소독 미실시
  ㅇ 외국인 근로자 고용 미신고
  ㅇ 폐사체 처리시 소독조치 미흡"
155 ,고병원성조류인플루엔자(HPAI),경기도 안성시 일죽면 능국리,해당없음,22.12.13,산란계,"317,800 ","  ㅇ 퇴비장 출입시 차량소독(1단계 고정식) 미실시
  ㅇ 농장 종사자 농장 진입시 방역실에서 작업복 환복 미실시
  ㅇ 일부 농장 출입자 대인소독 미실시, 방역복·덧신 미착용
  ㅇ 일부 농장 출입자 출입기록 미작성
  ㅇ 일부 외국인 근로자 고용 미신고
  ㅇ 백신접종팀 농장 진입전 관할 지자체에 미신고
  ㅇ 일부 사양관리 장비 세척·소독 미흡
  ㅇ 정문 및 알차량 출입구 신발소독조 외부 비치 및 동결"
156 ,고병원성조류인플루엔자(HPAI),전라남도 함평군 함평읍 진양리,사조원,22.12.18,종오리,"16,400 ","  ㅇ 농장 부출입구 대인소독시설 미설치
  ㅇ 관리사 신발소독조 외부 비치 및 외국인 숙소 앞 발판소독조 미비치
  ㅇ 왕겨창고 그물망 일부 틈새 및 퇴비사 그물망 미설치
  ㅇ 일부 농장 출입차량 1단계 고정식 소독 미실시
  ㅇ 일부 농장 출입자 및 농장 종사자 농장 진입시 대인소독 미실시
  ㅇ 농장 운영 차량 농장 내 주차
  ㅇ 하나의 작업복으로 전 축사 출입
  ㅇ 산란일지 동별로 미작성 및 폐사일지 미작성
  ㅇ 일부 사양관리 장비 세척·소독 미흡
  ㅇ 폐사축 처리시 소독 조치 미흡"
157 ,고병원성조류인플루엔자(HPAI),부산광역시 기장군 일광면 청광리,해당없음,22.12.19,토종닭,220 ,"  ㅇ 농장 출입구 대인소독시설 미설치
  ㅇ 축사 전실 미설치
  ㅇ 농장 울타리 일부 구간 미설치
  ㅇ 무허가 축사에서 가금류 혼합 사육
  ㅇ 농장 축산차량 거점소독시설 미경유
  ㅇ 농장 축산차량 관련 교육 미이수
  ㅇ AI 유효 소독제 미사용
  ㅇ 농장 출입구 이동식 고압분무기 동결로 미작동
  ㅇ 농장 차량 농장 진입시 1단계+2단계 소독 미실시
  ㅇ 농장 종사자 농장 진입시 대인소독 미실시, 전용 작업복 미환복
  ㅇ 폐사일지, 출입기록부, 소독실시기록부 미기록
  ㅇ 폐사축 처리시 소독 조치 미흡"
158 ,고병원성조류인플루엔자(HPAI),경상북도 성주군 성주읍 용산리,해당없음,22.12.21,산란계,"66,000 ","  ㅇ 농장 울타리 일부 미설치
  ㅇ 관리사 신발소독조 미비치
  ㅇ 퇴비사 차단망 미설치
  ㅇ 일부 농장 출입차량 2단계 고압분무기 소독 미실시
  ㅇ 일부 농장 출입자 대인소독 미실시 및 방역복, 덧신 미착용
  ㅇ 농장 종사자 농장 출입시 대인소독 미실시
  ㅇ 일부 농장 출입자 소독필증 미보관
  ㅇ 백신접종팀 관할 지자체에 미신고
  ㅇ 하나의 작업복으로 전 축사 출입
  ㅇ 일부 출입자 출입기록부 미작성
  ㅇ 외국인 근로자 고용 미신고
  ㅇ CCTV 일부 고장 및 영상기록 30일 이상 미보관
  ㅇ 폐사체 처리 시 소독 조치 미흡"
159 ,고병원성조류인플루엔자(HPAI),경상남도 하동군 옥종면 문암리,제이디팜,22.12.21,육용오리,"28,500 ","  ㅇ 농장 공동출입구 대인소독시설 미설치
  ㅇ 농장 공동출입구 발판소독조 외부 비치
  ㅇ 왕겨창고 차단망 미설치 및 일부 틈새
  ㅇ 축사 내부 일부 틈새
  ㅇ 일부 농장 출입 차량 2단계 고압분무기 소독 미실시
  ㅇ 일부 농장 출입자 대인소독 미실시
  ㅇ 인근 농장과 장비 공동 사용
  ㅇ 하나의 작업복으로 전 축사 출입
  ㅇ 일부 농장 사양관리 장비 세척․소독 미흡
  ㅇ 폐사체 처리 시 소독 조치 미흡
  ㅇ 소독실시기록부 미작성"
160 ,고병원성조류인플루엔자(HPAI),전라남도 나주시 세지면 동곡리,다솔,22.12.21,육용오리,"14000
15000","  ㅇ 농장 공동출입구 대인소독시설 미설치
  ㅇ 농장 공동출입구 발판소독조 외부 비치
  ㅇ 왕겨창고 차단망 미설치
  ㅇ 일부 농장 출입차량 2단계 고압분무기 소독 미실시
  ㅇ 일부 농장 종사자 및 출입자 대인소독 미실시 및 방역복 미착용
  ㅇ 인근 농장과 장비 공동 사용
  ㅇ 전실 내 손소독제 미비치
  ㅇ 왕겨살포 작업시 살포기 미소독
  ㅇ 사육수수 동별 기록 미구분
  ㅇ 농장 부지 내 잡동사니 방치  
  ㅇ 왕겨창고 차단망 미설치 및 일부 틈새
  ㅇ 일부 농장 출입차량 1단계+2단계 소독 미실시
  ㅇ 일부 농장 출입자 농장 진입시 대인소독 미실시, 방역복 미착용
  ㅇ 농장 종사자 농장 진입시 대인소독 미실시
  ㅇ 농장 출입자 거점소독필증 일부 미보관
  ㅇ 하나의 작업복으로 전 축사 출입
  ㅇ 일부 전실 손소독제 유효기간 경과 등
  ㅇ 소독실시기록부 미작성
  ㅇ 일부 사양관리 장비 세척·소독 미흡
  ㅇ 폐사축 처리시 소독 조치 미흡"
161 ,고병원성조류인플루엔자(HPAI),전라남도 곡성군 입면 제월리,해당없음,22.12.22,산란계,"53,000 ","  ㅇ 농장 입구 대인소독시설 미설치
  ㅇ 울타리 일부 구간 미설치
  ㅇ 일부 농장 출입차량 및 농장 종사자 차량 1단계 고정식 소독 미실시
  ㅇ 백신접종팀 축사 진입시 축사전용 작업복 및 장화 미착용
  ㅇ 전실 내 방역복 및 손소독제 미비치
  ㅇ 농장 출입차량 거점소독필증 일부 미보관
  ㅇ 폐사축 처리시 소독 조치 미흡"
162 ,고병원성조류인플루엔자(HPAI),경상북도 칠곡군 지천면 창평리,해당없음,22.12.23,산란계,"260,000 ","  ㅇ 차량 출입하는 농장 부출입구에 고압분무기 미비치
  ㅇ 사용중인 축사 뒷문 전실 미설치
  ㅇ 일부 농장 출입 차량 2단계 고압분무기 소독 미실시
  ㅇ 일부 농장 출입자 방역복, 덧신 미착용
  ㅇ 백신 접종팀 관할 지자체 미신고
  ㅇ 출입기록부 일부 미작성
  ㅇ 일부 농장 사양관리 장비 세척․소독 미흡
  ㅇ CCTV 영상기록 30일 이상 미보관
  ㅇ 폐사체 처리시 소독 조치 미흡
  ㅇ 일부 전실 손소독제 미비치
  ㅇ 하나의 작업복으로 전 축사 출입"
163 ,고병원성조류인플루엔자(HPAI),전라북도 남원시 송동면 흑송리,일영이팜,22.12.25,육용오리,"12,700 ","  ㅇ 대인소독실 및 관리사무실 발판소독조 소독액 동결
  ㅇ 사용중인 축사 뒷문에 발판소독조 미설치
  ㅇ 일부 축사 전실 발판소독조 소독액 동결
  ㅇ CCTV 영상기록 30일 이상 미보관
  ㅇ 인근 가족농장과 폐사체 처리기 공동 사용
  ㅇ 일부 농장 사양관리 장비 세척․소독 미흡
  ㅇ 구서작업 미실시
  ㅇ 폐사축 처리시 소독 조치 미흡"
164 ,고병원성조류인플루엔자(HPAI),충청남도 예산군 덕산면 낙상리,해당없음,22.12.26,산란계,"114,703 ","  ㅇ 고정식 U자형 소독기 일부 노즐 막힘
  ㅇ 계분장 입구 차단망 일부 틈새
  ㅇ 관리사 및 집란실 발판소독조 소독액 동결
  ㅇ 일부 농장 출입차량 1단계 고정식 소독 미실시
  ㅇ 일부 농장 출입자 방역복 및 덧신 미착용
  ㅇ 농장 경계 초목 제거 미흡 및 농장 부지 내 잡동사니 방치
  ㅇ 농장 운영 승용차량 농장 내 주차
  ㅇ 일부 전실 발판소독조 소독액 동결
  ㅇ 폐사 및 산란일지 동별로 미기록
  ㅇ CCTV 영상기록 30일 이상 미보관
  ㅇ 폐사축 처리시 소독 조치 미흡"
165 ,고병원성조류인플루엔자(HPAI),전라북도 정읍시 옹동면 상산리,다솔,22.12.30,육용오리,"11,000 ","  ㅇ 이용중인 농장 부출입구1 소독시설 및 대인소독시설 미설치
  ㅇ 이용중인 농장 부출입구2 대인소독시설 미설치
  ㅇ 농장 종사자 농장 진입 시  대인소독 미흡(손소독 미실시 등)
  ㅇ 대인소독실 발판소독조 관리 미흡
  ㅇ CCTV 영상기록 30일 이상 미보관
  ㅇ 일부 농장 사양관리 장비(왕겨살포기 등) 세척 소독 미흡
  ㅇ 인근 제2농장과 로터리용 트랙터 공동 사용
  ㅇ 전실 바닥 청소 미흡 및 발판소독조 관리 미흡
  ㅇ 하나의 방역복으로 전 축사 출입
  ㅇ 유효기간 경과 소독제 사용
  ㅇ 폐사축 처리시 소독 조치 미흡
  ㅇ 소독실시기록부 일부 미작성"
166 ,고병원성조류인플루엔자(HPAI),경상남도 김해시 한림면 신천리,해당없음,23.1.1,산란계,"129,000 ","  ㅇ 농장 울타리 일부 하부 틈새
  ㅇ 축사와 집란벨트 연결 부위 틈새
  ㅇ 일부 농장 종사자 제2농장 이동 시 대인소독 미실시
  ㅇ 주출입구 대인소독실 발판소독조 관리 미흡
  ㅇ 일부 출입차량 농장 내 소독필증 미보관
  ㅇ 일부 전실 발판소독조 소독액 동결
  ㅇ 인근 제2농장과 지게차와 알 운반차량 공동 사용
  ㅇ 일부 농장 출입자 출입기록 미작성
  ㅇ 폐사축 처리시 소독 조치 미흡"
167 ,고병원성조류인플루엔자(HPAI),경기도 김포시 하성면 석탄리,해당없음,23.1.2,산란계,"81,292 ","  ㅇ 농장 출입구 대인소독시설 미설치
  ㅇ 농장 부출입구 차량 및 대인소독시설 미설치
  ㅇ 퇴비장 출입구 일부 틈새
  ㅇ 일부 농장 출입자 및 종사자 차량(1+2단계) 및 대인소독 미실시
  ㅇ 농장 종사자 차량 농장 내 주차
  ㅇ 농장 정문 신발소독조 외부 비치 및 소독액 동결
  ㅇ 계란 상차 시 지게차 및 상차 동선 등 소독 조치 미흡
  ㅇ 축사 전실 운영 미흡 (전실과 축사 3m 이격)
  ㅇ 신발소독조, 손소독제 등이 비치되지 않은 축사 뒷문(옆문) 이용
  ㅇ 집란실 및 관리사 신발소독조 소독액 동결
  ㅇ 폐사축 처리시 소독 조치 미흡
  ㅇ 일부 출입자 출입기록부 미작성"
168 ,고병원성조류인플루엔자(HPAI),경기도 연천군 군남면 왕림리,해당없음,23.1.2,산란계,"95,000 ","  ㅇ 농장 울타리 일부 미설치, 울타리 출입문 발판소독조 미비치
  ㅇ 농장 내 주요 시설(집란실 부출입구 등) 발판소독조 미비치
  ㅇ 축사와 집란벨트 연결 부위 틈새
  ㅇ 계분장 및 톱밥창고 차단망 미설치
  ㅇ 농장 종사자 농장 진입 시 대인소독 미실시
  ㅇ 농장 운영 차량 및 종사자 차량 농장 내 주차
  ㅇ 발판소독조, 손소독제 등이 비치되지 않은 축사 뒷문 이용
  ㅇ 하나의 작업복과 작업화로 전 축사 출입
  ㅇ 외국인 근로자 고용 미신고
  ㅇ 백신접종팀 지자체 미신고 및 축사 출입시 방역조치 미흡
  ㅇ 일부 출입자 출입기록부 미작성
  ㅇ 폐사체 처리시 소독 조치 미흡"
169 ,고병원성조류인플루엔자(HPAI),전라남도 영암군 신북면 학동리,해당없음,23.1.5,육용오리,"26,000 ","  ㅇ 대인소독실 농장 내부 13동 앞에 설치
  ㅇ 왕겨 창고 내부 벽 일부 틈새
  ㅇ 농장 종사차 농장 출입 시 장화를 착용한 채로 농장 출입
  ㅇ 대인소독실 외부 및 일부 전실 신발소독조 관리 미흡
  ㅇ 사료차량 농장 진입 시 1단계 고정식 소독 미실시
  ㅇ 왕겨차량 농장 내 진입 후 2단계 고압분무 소독
  ㅇ 하나의 작업복으로 전 축사 출입
  ㅇ 농장 내 사양관리 장비(왕겨살포기) 세척 소독 미흡
  ㅇ 폐사체 처리 시 소독 조치 미흡"
170 ,고병원성조류인플루엔자(HPAI),경기도 고양시 일산서구 구산동,해당없음,23.1.7,산란계,"78,000 ","  ㅇ 고정식 차량소독시설 좌측 하부 노즐 막힘
  ㅇ 농장 부출입구 고정식 차량소독시설 및 대인소독시설 미설치
  ㅇ 외국인 숙소 신발소독조 미비치
  ㅇ 농장 출입차량(농장 알차량, 난좌운반차량) 차량소독(1+2단계) 및 대인소독 미실시
  ㅇ 계란 상차 및 반출 시 소독 등 방역 조치 미흡
  ㅇ 관리사 신발소독조 소독액 동결 및 집란실 신발소독조 관리 미흡
  ㅇ 축사 전실 운영 미흡 및 축사 출입시 방역조치 미흡
  ㅇ 유효기간 경과 소독약 사용
  ㅇ 퇴비차량 소독필증 미보관, 출입기록부 미작성
  ㅇ 백신접종팀 농장 진입전 관할 지자체 사전 미신고, 출입기록부 미작성
  ㅇ 외국인근로자 관할 지자체 고용 미신고
  ㅇ 농장 내 사양관리 장비(지게차) 세척 소독 미흡
  ㅇ 폐사체 처리 시 종사자 소독 조치 미흡"
171 ,고병원성조류인플루엔자(HPAI),전라남도 보성군 보성읍 봉산리,제이디팜,23.1.10,육용오리,"16,000 ","  ㅇ 농장 부출입구 차량 및 대인소독시설 미설치
  ㅇ 농장 울타리 일부 하부 틈새
  ㅇ 농장주 축산차량 관련 교육 미이수
  ㅇ 농장주 가족농장 관리사에서 발생농장으로 출퇴근시 거점소독소 미경유
  ㅇ 사료차량 차량소독(1+2단계) 미실시
  ㅇ 농장 대인소독실 신발소독조 관리 미흡(소독액 동결)
  ㅇ 축사 전실 운영 미흡
  ㅇ 트랙터 축사 출입시 소독 미실시
  ㅇ 농장 내 사양관리 장비(트랙터, 손수레) 세척 소독 미흡
  ㅇ 폐사체 처리 시 운반장비 및 종사자 소독 조치 미흡
  ㅇ 폐사일지 동별 구분하여 기록하지 않음
  ㅇ 구서 미실시"
172 ,고병원성조류인플루엔자(HPAI),경기도 평택시 포승읍 도곡리,이오팜,23.1.11,육계,"45,866 ","  ㅇ 고정식 차량소독기 농장 내 진입하여 위치
  ㅇ 정문1 대인소독실 미설치
  ㅇ 관리사 및 농장주 숙소에 신발소독조 미비치
  ㅇ 일부 전실 내 신발소독조 미비치
  ㅇ 고정식 차량소독기 및 이동식 고압분무기 동결로 미작동
  ㅇ 농장 출입차량 차량소독(1+2단계) 및 대인소독 미실시
  ㅇ 정문2 대인소독실 신발소독조 소독액 없음
  ㅇ 일부 농장 출입자 소독필증 미보관
  ㅇ 일부 농장 출입자 출입기록부 미작성
  ㅇ 하나의 작업복으로 전 축사 출입
  ㅇ CCTV 일부 고장 방치, 영상기록 30일 이상 보관 미준수"
173 ,고병원성조류인플루엔자(HPAI),경기도 연천군 백학면 구미리,해당없음,23.2.21,산란계,"43,000 ","  ㅇ 농장 울타리 일부 미설치  
  ㅇ 집란벨트 및 계분벨트 축사 연결부위 틈새
  ㅇ 농장 출입차량(난좌,알,사료,톱밥,가축분뇨) 차량소독 및 대인소독 미흡
  ㅇ 농장 대인소독시설 분무소독기 미작동, 손소독제 유효기간 경과
  ㅇ 축사 전실 운영 미흡
  ㅇ 외국인 근로자 숙소 및 집란실 발판소독조 미비치
  ㅇ 일부 출입자 출입기록부 미작성
  ㅇ 외국인근로자 관할 지자체 고용 미신고
  ㅇ 농장 내 사양관리 장비(지게차) 세척 소독 미흡
  ㅇ 구서 미실시(’23.1~2월)
  ㅇ 축사 사이 초목 제거 미흡"
174 ,고병원성조류인플루엔자(HPAI),전라북도 정읍시 소성면 등계리,하림,23.2.21,토종닭,"40,500 ","  ㅇ 농장 출입구 대인소독시설 소독기능 없음(분무 등)
  ㅇ 농장 운영차량 농장 내 주차
  ㅇ 농장 출입차량(사료 등) 차량소독 및 대인소독 미흡
  ㅇ 농장 부출입구 사용하나, 발판소독조 등 미비치
  ㅇ 농장 대인소독시설 내 손소독제 유효기간 경과
  ㅇ 축사 전실 운영 미흡
  ㅇ 축사 뒷문 사용하나, 발판소독조 및 손소독제 미비치
  ㅇ 관리사무실 발판소독조 미비치
  ㅇ 출입차량 소독필증 일부 미보관
  ㅇ CCTV 영상기록 1개월 이상 미보관"
175 ,고병원성조류인플루엔자(HPAI),충청남도 서산시 부석면 갈마리,해당없음,23.2.21,메추리,"110,000 ","  ㅇ 농장 울타리 일부 미설치
  ㅇ 농장 정문 차량 일시정지 차단바 없음
  ㅇ CCTV 미설치
  ㅇ 농장 운영차량 농장 내 주차
  ㅇ 농장 출입차량(알, 난좌 등) 차량소독 및 대인소독 미흡
  ㅇ 농장 대인소독시설 내 손소독제 미비치
  ㅇ 축사 전실 운영 미흡
  ㅇ 축사 뒷문 사용(뒷문 전실 미설치, 축사전용 신발, 손소독제 미비치)
  ㅇ 소독실시기록부, 사양관리일지(폐사일지, 집란일지) 미작성
  ㅇ 일부 출입자 출입기록부 미작성
  ㅇ 사료차량 소독필증 일부 미보관
  ㅇ 외국인근로자 관할 지자체 고용 미신고
  ㅇ 퇴비 농장 내 야적"
176 ,고병원성조류인플루엔자(HPAI),전라북도 정읍시 정우면 우산리,올품,23.2.23,토종닭,"36,500 ","  ㅇ 농장 울타리 일부 미설치 및 훼손
  ㅇ CCTV 일부 고장 방치 및 정문 방향 미설치
  ㅇ 대인소독시설 내 덧신 미비치
  ㅇ 사료차량 농장 방문 시 덧신 미착용
  ㅇ 축사내 전실 손소독제 미비치
  ㅇ 농장 종사자 축사 출입시 방역복 미착용
  ㅇ 축사내 전실 발판소독조 관리 미흡(왕겨 등 혼입)"
177 ,고병원성조류인플루엔자(HPAI),전라북도 정읍시 용계동,해당없음,23.2.23,산란계,"60,000 ","  ㅇ 농장 울타리 일부 미설치
  ㅇ 농장 출입구에 2단계 차량소독용 이동식 고압분무기 미비치
  ㅇ 퇴비장에 별도의 고압분무기 미비치
  ㅇ 관리사 및 농장 종사자 기숙사에 발판소독조 미비치
  ㅇ 집란실 및 부화장 발판소독조 외부 비치
  ㅇ 농장 운영 차량 농장 내 주차
  ㅇ 대인소독실 손소독제 미비치
  ㅇ 부화장 출입구에 발판소독조, 손소독제 등 미비치
  ㅇ 전실, 집란실 손소독제 유효기간 경과
  ㅇ 일부 농장 사양관리 장비 세척 소독 미흡
  ㅇ 외국인 근로자 고용 미신고
  ㅇ 폐사 및 산란일지 동별 구분없이 기록 관리
  ㅇ 일부 농장 출입자 출입기록부 미작성"
178 ,고병원성조류인플루엔자(HPAI),경상북도 상주시 낙동면 신상리,올품,23.2.27,육계,"80,800 ","  ㅇ 농장 울타리 일부 미설치
  ㅇ 농장 출입구 대인소독실 및 2단계 차량소독용 이동식 고압분무기 미설치
  ㅇ 관리사무실 발판소독조 미설치
  ㅇ 일부 축사 내외부 쥐구멍
  ㅇ 농장 운영 차량 농장 내 주차
  ㅇ 농장 출입차량 차량소독(1+2단계 미실시 등) 미흡 및 대인소독 미실시
  ㅇ 하나의 작업복으로 전 축사 출입
  ㅇ 축사 전실 방역복 및 손소독제 미비치, 발판소독조 소독액 관리 미흡
  ㅇ 소독실시기록부 미작성
  ㅇ 폐사체를 외부인이 농장 출입하여 수거 후 개에게 먹이로 급여
  ㅇ 일부 농장 사양관리 장비 세척 소독 미흡
  ㅇ CCTV 영상기록 30일 이상 보관 미준수"
179 ,고병원성조류인플루엔자(HPAI),인천광역시 강화군 양사면 인화리,해당없음,23.3.7,토종닭,8 ,"  ㅇ 농장 출입구(주출입구, 부출입구) 소독시설 미설치
  ㅇ 자택 겸 관리사무실 신발소독조 미설치
  ㅇ 축사에 전실 미설치
  ㅇ 일부 축사 차단망 미설치 및 훼손
  ㅇ CCTV 미설치
  ㅇ 농장 내 가금류 방사사육
  ㅇ 농장 출입차량 소독필증 미보관
  ㅇ 축산차량 보수 교육 미이수
  ㅇ 소독시설이 없는 농장 부출입구, 축사 뒷문 사용
  ㅇ 일부 농장 사양관리 장비 세척 소독 미흡
  ㅇ 축사 진입시 작업복 및 장화 미착용, 신발 및 손소독 미실시
  ㅇ 사양관리일지, 폐사‧산란일지, 소독실시기록부, 출입기록부 미작성
  ㅇ 구서 미실시"
180 ,고병원성조류인플루엔자(HPAI),전라북도 정읍시 소성면 고교리,다솔,23.3.8,육용오리,"42,000 ","  ㅇ 농장 울타리 일부 구간 미설치
  ㅇ 일부 축사 그물망 훼손 
  ㅇ 일부 농장 출입자 방역복 미착용, 출입기록 미작성
  ㅇ 일부 축사 전실 내 발판소독조 관리 미흡(흙 방치 등)
  ㅇ 퇴비장 야생조수류 차단 미흡(까치 폐사체 방치)
  ㅇ 일부 농장 사용 장비 세척 소독 미흡
  ㅇ 폐사기록 및 사양관리일지 동별로 구분하여 기록하지 않음
  ㅇ 분동 시 이동 경로 소독 미실시
  ㅇ 발판소독조, 손소독제, 장화 등 비치 없이 옆문 사용(로터리 등)"
181 ,고병원성조류인플루엔자(HPAI),전라북도 정읍시 소성면 고교리,해당없음,23.4.1,육용오리,"42,001 ","  ㅇ 일부 농장 출입차량 1단계(고정식)+2단계(이동식) 차량소독 미실시
  ㅇ 일부 농장 출입자 대인소독 미실시 및 방역복, 덧신 미착용
  ㅇ 일부 농장 출입자 소독필증 미보관, 출입기록 미작성
  ㅇ 대인소독실 내부 바닥 청소 미흡
  ㅇ 관리사무실 신발소독조 외부 비치 및 소독액 관리 미흡
  ㅇ 전실 운영 미흡
  ㅇ 일부 농장 사용 장비(스키로더, 트랙터, 전동카트, 손수레) 세척 소독 미흡
  ㅇ 로터리 작업 전 장비 소독 미실시
  ㅇ 분동 시 이동 경로 소독 미실시
  ㅇ 1동 앞 폐사체 외부 방치 및 폐사체 처리시 종사자 소독 미실시"
182 ,고병원성조류인플루엔자(HPAI),전라북도 정읍시 소성면 고교리,제이디팜,23.4.7,육용오리,"42,002 ","  ㅇ 농장 출입 사료 차량 1단계(고정식) 차량소독 미실시
  ㅇ 일부 농장 출입자 소독필증 미보관
  ㅇ 일부 농장 출입자 출입기록 미작성
  ㅇ 관리사무실 신발소독조 미비치
  ㅇ 농장 내 차량 진입 및 주차
  ㅇ 농장 사용 장비 인근 가족농장과 공유, 세척‧소독 미흡
  ㅇ 전실 운영 미흡
  ㅇ 분동 전 분동 경로 소독 미실시
  ㅇ 폐사체 처리시 종사자 소독 미실시"
183 ,고병원성조류인플루엔자(HPAI),전라북도 정읍시 소성면 고교리,사조원,23.4.14,육용오리,"13,800 ","  ㅇ 대인소독실 차량소독기 진입 후 농장 내부에 설치
  ㅇ 축산차량 교육 미이수
  ㅇ 농장 출입 사료차량 1단계(고정식)+2단계(이동식) 차량소독 미실시
  ㅇ 농장 출입자 대인소독 미실시
  ㅇ 일부 농장 출입자 소독필증 미보관, 출입기록 미작성
  ㅇ 농장 내 차량 진입 및 주차
  ㅇ 관리사무실 신발소독조 외부 비치 및 소독액 관리 미흡
  ㅇ 축사내 전실, 전실 미이용 
  ㅇ 일부 농장 사용 장비 세척‧소독 미흡
  ㅇ 폐사체 처리시 종사자 소독 미실시"
184 ,고병원성조류인플루엔자(HPAI),전라북도 정읍시 소성면 고교리,다솔,23.4.14,육용오리,"15,500 ","  ㅇ 울타리 일부 구멍
  ㅇ 농장 입구에서 약 50m 떨어진 고정식 차량소독기 주변 농장 공용 사용
  ㅇ 축산차량 교육 미이수
  ㅇ 대인소독실 신발소독조 관리 미흡
  ㅇ 농장 종사자 농장출입시 대인소독 미실시
  ㅇ 일부 농장 출입자 소독필증 미보관, 출입기록 미작성
  ㅇ 폐사일지 미작성
  ㅇ CCTV 영상기록 미저장
  ㅇ 관리사무실 신발소독조 외부 비치 및 소독액 관리 미흡
  ㅇ 축사 외부 신발소독조 관리 미흡 및 전실 내 폐사체 방지
  ㅇ 전실 손소독제 유효기간 경과 및 신발소독조 소독액 미보충
  ㅇ 농장 사용 장비 인근 농장과 공동 사용, 세척‧소독 미흡"
185 ,고병원성조류인플루엔자(HPAI),전라남도 고흥군 도덕면 용동리,다솔,23.12.03,육용오리,"22,000 ","  ㅇ 농장 출입차량 소독 미실시 : 농장주 차량, 공사 차량
  ㅇ 농장 출입자 소독 미실시 : 사료차량 운전자
  ㅇ 축사 전실 미이용 : 종사자 축사 출입시 전실 미이용
  ㅇ 축사 출입시 로터리 기계의 세척·소독 미실시"
186 ,고병원성조류인플루엔자(HPAI),전라남도 무안군 일로읍 복룡리,다솔,23.12.05,육용오리,"16,000 "," ㅇ 울타리 설치 일부 미설치(농장 정면·후면 일부, 농장 좌측면)
 ㅇ 농장 CCTV 정상 작동 관리 미흡
 ㅇ 폐사체 처리기 설치장소 부적절(정문쪽 창고내)
 ㅇ 축사 3동 방조망 일부 미흡(틈새)
 ㅇ 로터리 장비(트랙터) 세척·소독 미흡"
187 ,고병원성조류인플루엔자(HPAI),전라북도 익산시 망성면 화산리,동우,23.12.06,육용종계,"26,052 "," ㅇ 농장 운영차량 축산차량 미등록
 ㅇ 알 운반차량 농장내 진입
 ㅇ 농장 출입차량 2단계 고압분무 미실시    
 ㅇ 수의사 농장내부 진입시 방역복 미착용
 ㅇ 출입자기록부 작성 미흡"
188 ,고병원성조류인플루엔자(HPAI),전라북도 익산시 황등면 용산리 ,사조원,23.12.06,육용종계,"60,000 "," ㅇ 농장 출입차량 2단계 고압분무 미실시    
 ㅇ 농장 출입자 방역복․덧신 미착용
 ㅇ 농장 출입자 대인소독 미실시 
 ㅇ 대인소독기 내 소독용 자외선등 일부 미작동"
189 ,고병원성조류인플루엔자(HPAI),전라북도 김제시 용지면 용암리,해당없음,23.12.08,산란계,"160,000 "," ㅇ 농장 출입차량 2단계 소독 미실시
 ㅇ 농장 출입자 방역복 덧신 미착용 및 소독 미실시
 ㅇ 축사 전실 운용 미흡
 ㅇ 소독약품 관리 미흡
 ㅇ 사료빈 주변 사료 등 잔존물 방치
 ㅇ 축사 시설 일부 신발소독조 미비치
 ㅇ 축사 방충망 구멍 보수 미흡, 축사 내부 소독 청결 미흡
 ㅇ 울타리 일부 구간 설치 미흡
 ㅇ 농장 운영차량 축산차량 미등록
 ㅇ 농장 출입자 출입기록부 작성 미흡
 ㅇ 농장 출입자 방역복․덧신 미착용 및 소독 미실시 "
190 ,고병원성조류인플루엔자(HPAI),충청남도 아산시 선장면 죽산리,해당없음,23.12.08,산란계,"30,000 "," ㅇ 농장 운영차량 축산차량 미등록
 ㅇ 농장 출입차량 2단계 소독 미실시
 ㅇ 농장 출입자 방역복․덧신 미착용 및 대인소독 미실시
 ㅇ 왕겨창고 차단망 미설치"
191 ,고병원성조류인플루엔자(HPAI),전라북도 김제시 용지면 장신리,해당없음,23.12.11,산란계,"70,000 "," ㅇ 축사 내외부 CCTV 미설치
 ㅇ 농장 출입자 대인소독 미실시 및 방역복 미착용
 ㅇ 농장 출입차량 소독 미실시 
 ㅇ 농장 출입자 출입기록부 작성 미흡"
192 ,고병원성조류인플루엔자(HPAI),전라북도 완주군 이서면 이문리,다솔,23.12.11,종오리,"8,400 "," ㅇ 부출입구 대인소독실 운영 미흡
 ㅇ 농장 출입 장비 소독 미흡
 ㅇ 농장 장비 다른 동간 축사 출입시 소독 미실시"
193 ,고병원성조류인플루엔자(HPAI),전라북도 익산시 함열읍 석매리,해당없음,23.12.11,산란계,"144,000 "," ㅇ 농장 울타리 설치 미흡
 ㅇ 농장 CCTV 정상 작동 관리 미흡
 ㅇ 외국인 근로자 고용 미신고
 ㅇ 퇴비사 벽면 일부 파손 및 그물망 훼손
 ㅇ 농장 내부 초목 미제거 및 잡동사니 방치
 ㅇ 외부 계분벨트 노출 및 틈새
 ㅇ 농장 출입 축산차량 소독필증 일부 미보관
 ㅇ 소독약품 관리 미흡
 ㅇ 축사 전실 운용 미흡
 ㅇ 농장 시설 일부 발판소독조 미설지  "
194 ,고병원성조류인플루엔자(HPAI),전라북도 익산시 용동면 대조리,해당없음,23.12.11,산란계,"77,000 "," ㅇ 농장 출입차량 2단계 소독 미실시
 ㅇ 농장 CCTV 정상 작동 관리 미흡
 ㅇ 농장 출입자 방역복 미착용
 ㅇ 농장 방문자 출입자기록부 작성 미흡"
195 ,고병원성조류인플루엔자(HPAI),전라북도 김제시 용지면 용수리,해당없음,23.12.13,산란계,"115,500 "," ㅇ 울타리 일부 구간 설치 미흡
 ㅇ 전실 운영 관리 미흡
 ㅇ 방조망 일부 훼손
 ㅇ 출입구 대인소독실 내 방역복 미비치
 ㅇ 물품반입창고 내 자외선 등 미설치"
196 ,고병원성조류인플루엔자(HPAI),전라북도 김제시 용지면 신정리,해당없음,23.12.13,산란계,"30,000 "," ㅇ 농장 울타리 일부 미설치
 ㅇ 농장 시설 일부 발판소독조 미설치
 ㅇ 야생동물의 농장 내 유입 차단 미조치
 ㅇ 농장 내부 청소 상태 미흡
 ㅇ 사료펌프와 축사 연결부위 틈새"
197 ,고병원성조류인플루엔자(HPAI),전라북도 김제시 용지면 신정리,해당없음,23.12.13,육용종계,"42,000 "," ㅇ 축사 전실 미설치
 ㅇ 농장 시설 일부 야생동물 차단망 미설치
 ㅇ 농장 일부 울타리 미설치
 ㅇ 알 운반차량 농장내 진입
 ㅇ 농장 출입차량 2단계 소독 미실시  
 ㅇ 농장 내부 청결 상태 미흡
 ㅇ 퇴비사와 콤포스트 연결부위 틈새
 ㅇ 농장 출입자 출입기록부 작성 미흡"
198 ,고병원성조류인플루엔자(HPAI),전라북도 김제시 용지면 신정리,해당없음,23.12.13,산란계,"25,000 "," ㅇ 농장 울타리 일부 설치 미흡
 ㅇ 야생동물의 농장 내 유입 차단 미조치
 ㅇ 전실이 설치되지 않는 축사의 뒷문으로 사람 출입
 ㅇ 전실 운영 관리 미흡
 ㅇ 사육 개 농장 내외부 배회 "
199 ,고병원성조류인플루엔자(HPAI),전라남도 영암군 시종면 신학리,다솔,23.12.13,육용오리,"18,000 "," ㅇ 농장 출입자 소독 미실시 및 방역복 미착용
 ㅇ 축사 출입자 축산전용 방역복 미착용
 ㅇ 농장 CCTV 정상 작동 관리 미흡
 ㅇ 농장 출입차량 2단계 소독 미실시  "
200 ,고병원성조류인플루엔자(HPAI),전라북도 김제시 용지면 신정리,해당없음,23.12.14,산란계,"47,000 "," ㅇ 출입구 소독설비 미설치
 ㅇ 외근인 근로자 고용 미신고
 ㅇ 야생동물의 농장 내 유입 차단 미조치
 ㅇ 농장 출입자 방역복 미착용
 ㅇ 사료빈 주변 주기적인 소독 미실시
 ㅇ 농장 출입차량 2단계 소독 미실시
 ㅇ 집란벨트와 축사 연결 부위간 틈새
 ㅇ 농장 내 초목제거 미흡
 ㅇ 소독약품 관리 미흡"
201 ,고병원성조류인플루엔자(HPAI),전라북도 김제시 용지면 예촌리,해당없음,23.12.14,산란계,"35,000 "," ㅇ 농장 출입자 소독 미실시 및 방역복 미착용
 ㅇ 농장 출입자 출입기록부 작성 미흡"
202 ,고병원성조류인플루엔자(HPAI),전라북도 김제시 용지면 송산리,제이디팜,23.12.14,육용오리,"11,000 "," ㅇ 농장 운영차량 축산차량 미등록
 ㅇ 농장 출입자 소독 미실시 및 방역복 미착용
 ㅇ 축사 출입자 전실 미이용 
 ㅇ 야생동물의 농장 내 유입 차단 미조치
 ㅇ 농장 출입자 출입기록부 작성 미흡"
203 ,고병원성조류인플루엔자(HPAI),전라북도 부안군 줄포면 우포리 ,삼호,23.12.15,육용오리,"42,000 "," ㅇ 농장 운영차량 축산차량 미등록
 ㅇ 전실이 설치되지 않는 축사 뒷문으로 사람 출입
 ㅇ 농장 출입자 소독 미실시 
 ㅇ 축사 전실 내 방역복 미비치"
204 ,고병원성조류인플루엔자(HPAI),전라북도 부안군 줄포면 장동리,사조원,23.12.15,육용오리,"24,000 ", ㅇ 농장 출입자 방역복 미착용
205 ,고병원성조류인플루엔자(HPAI),전라북도 김제시 부량면 대평리,제이디팜,23.12.19,육용오리,"15,000 "," ㅇ 울타리 설치 일부 미흡
 ㅇ 농장 출입자 소독 미실시
 ㅇ 신발소독조 관리 미흡"
206 ,고병원성조류인플루엔자(HPAI),전라북도 익산시 함열읍 석매리,해당없음,23.12.19,산란계,"79,000 "," ㅇ 농장 출입자 방역복․덧신 미착용
 ㅇ 농장 출입차량 2단계 소독 미실시
 ㅇ 소독약품 관리 미흡
 ㅇ 농장 울타리 일부 미설치
 ㅇ 축산차량 소독필증 보관 미흡"
207 ,고병원성조류인플루엔자(HPAI),전라남도 장흥군 회진면 회진리,일영이팜,23.12.20,육용오리,"16,000"," ㅇ 축산차량 미등록 
 ㅇ 농장 출입차량 2단계 소독 미실시
 ㅇ CCTV 정상 작동 관리 미흡 
 ㅇ 농장 출입자 소독 미실시
 ㅇ 축사 출입시 전실 미이용
 ㅇ 분동 시 방역수칙 준수 미흡"
208 ,고병원성조류인플루엔자(HPAI),전라남도 영암군 군서면 도장리 ,사조원,23.12.22,육용오리,"21,870"," ㅇ 농장 출입시 소독 미실시
 ㅇ 축사 간 오리 분동시 이동통로 소독 미실시
 ㅇ 신발소독조 관리 미흡
 ㅇ 로터리 작업시 축사 간 장비 이동시 세척·소독 미흡
 ㅇ 농장 사용 장비 소독 미흡"
209 ,고병원성조류인플루엔자(HPAI),전라남도 보성군 보성읍 쾌상리,일영이팜,23.12.25,육용오리,"14,100"," ㅇ농장 출입차량 1단계 소독 미실시
 ㅇ신발소독조 관리 미흡
 ㅇ농장 내 초목제거 미흡"
210 ,고병원성조류인플루엔자(HPAI),전라남도 무안군 해제면 천장리,다솔,24.01.03,육용오리,"32,500"," ㅇ 출입구 소독설비 미설치
 ㅇ 퇴비사 야생동물 차단망 미설치
 ㅇ CCTV 정상 작동 관리 미흡
 ㅇ 농장 내 초목 제거 미흡
 ㅇ 사료빈 하부 잔존물 청소 미흡"
211 ,고병원성조류인플루엔자(HPAI),충청남도 천안시 서북구 성환읍 신가리,해당없음,24.01.05,산란계,"239,084"," ㅇ 퇴비사 야생동물 차단망 미설치 
 ㅇ 축사 출입자 전용 작업복 미착용 
 ㅇ 농장 출입차량 2단계 소독 미실시
 ㅇ 소독필증 일부 미보관"
212 ,고병원성조류인플루엔자(HPAI),경기도 안성시 일죽면 능국리 ,해당없음,24.01.08,산란계,"257,312"," ㅇ 농장 출입차량 1단계 소독 미실시
 ㅇ 농장 출입자 방역실에서 방역복 미착용"
213 ,고병원성조류인플루엔자(HPAI),경상북도 의성군 가음면 장리,해당없음,24.01.09,산란계,"364,000"," ㅇ 전실에 전용 작업복․신발, 손소독제 등 미비치 
 ㅇ 축사 출입자 전용 작업복, 신발 등 미착용
 ㅇ 전실 내 오염구역과 청결구역  미구분 사용
 ㅇ 소독제 관리 미흡 
 ㅇ 농장 울타리 설치 미흡"
214 ,고병원성조류인플루엔자(HPAI),전라남도 무안군 현경면 해운리,해당없음,24.01.25,종오리,"364,000"," ㅇ 농장 출입구 고정식 차량소독기․고압분무기 미설치
 ㅇ 농장 출입구 출입자 분무용 소독기․차단 방역실 미설치 
 ㅇ 퇴비장 차단망 설치 미흡
 ㅇ 농장 시설 일부 발판소독조 미설치
 ㅇ 농장 출입자 소독 미실시 및 전용 신발 미착용
 ㅇ 축사 출입자 전용 작업복, 신발 미착용
 ㅇ 축사 출입자 손소독 미실시
 ㅇ 농장 출입차량 차량소독 2단계 미실시
 ㅇ 소독필증 확인 및 미보관, 거점소독 미실시 
 ㅇ 폐사율 및 산란율 미기록
 ㅇ 소독제 관리 미흡
 ㅇ 소독장비 관리 미흡"
215 ,고병원성조류인플루엔자(HPAI),충청남도 아산시 둔포면 신남리,해당없음,24.02.08,산란계,"29,000"," ㅇ 농장 CCTV 미설치 및 정상 작동 관리 미흡 
 ㅇ 농장 울타리 설치 미흡
 ㅇ 농장 출입자 전용 작업복․장화 미착용
 ㅇ 출입자 소독시설 전용 작업복․신발․손소독제 미비치
 ㅇ 축사 출입자 전용 장화 미착용
 ㅇ 야생조수류의 농장 내 유입 차단 관리 미흡
 ㅇ 농장 출입 차량 2단계 소독 미실시
 ㅇ 분동 작업시 소독 미실시
 ㅇ 로터리 장비, 왕겨 살포기 등 세척․소독 미흡
 ㅇ 물품 반입창고 내 UV등 미설치
 ㅇ 출입기록부 작성 일부 미흡
 ㅇ 농장 내 야생조류의 먹이가 될 수 있는 요소 미제거
 ㅇ 폐사축 관리 미흡
 ㅇ 농장 내부 초목 제거 미흡
 ㅇ 농장 내부 청소 상태 미흡 
 ㅇ 고정형 차량소독기 관리 미흡 "
216 ,고병원성조류인플루엔자(HPAI),경남 창녕군 대합면 용산유산로,주원산오리,‘24.5.22.,육용오리,"22,000"," ㅇ 전실 손소독제 미비치
 ㅇ 농장 출입자 대인소독 미실시 및 방역복, 장화 미착용
 ㅇ 축산 출입자 전실 미이용
 ㅇ 분동시 통로에 부직포 등 미설치
 ㅇ 대인소독실 관리 미흡
 ㅇ 축사 사용 장비(로터리) 세척, 소독 미흡
 ㅇ 소독약품 유효기간 경과
 ㅇ 사료빈 하부 청소 상태 미흡
 ㅇ 간혹 폐사체가 많은 경우, 농장장 승용차로 폐사체 운반"
217 ,고병원성조류인플루엔자(HPAI),강원도 동해시 대구동,해당없음,‘24.10.29.,산란계, 700 ," ㅇ 농장 출입구 방역실 미설치
 ㅇ 전실 미설치
 ㅇ 가금농장 방사사육
 ㅇ 농장 출입자 소독 미실시 및 농장 전용 작업복·신발 미착용
 ㅇ 농장 출입차량 소독 미실시
 ㅇ 신발소독조 미비치 
 ㅇ 축사 출입자 소독 미실시 및 축사 전용 작업복 ·신발 미착용
 ㅇ 축사 내 야생동물 차단 관리 미흡 
 ㅇ 출입기록부·소독실시기록부 미비치 
 ㅇ 축산차량 소독필증 미보관
 ㅇ 농장 및 축사내부 청소 상태 미흡
 ㅇ 폐사내역 및 산란기록 미작성 
 ㅇ 축사 내부 구서 미흡 "
218 ,고병원성조류인플루엔자(HPAI),충청북도 음성군 금왕읍 신내로,주원산오리,‘24.11.07.,육용오리," 23,700 "," ㅇ 농장 출입자 소독 미실시 및 농장 전용 작업복·신발 미착용
 ㅇ 축사 전실 관리 미흡
 ㅇ 분동시 소독 미흡 
 ㅇ 농장 출입차량 소독(2단계) 미실시
 ㅇ 전실이 설치되지 않는 축사의 뒷문으로 출입 
 ㅇ 로터리 작업시 장비 소독 미실시
 ㅇ CCTV 설치 미흡
 ㅇ 농장 출입기록부 작성 미흡
 ㅇ 축사 내 야생동물 차단 관리 미흡
 ㅇ 농장 울타리 설치 미흡"
219 ,고병원성조류인플루엔자(HPAI),인천광역시 강화군 화도면 여치리,해당없음,‘24.11.17.,육용종계," 17,263 "," ㅇ 전실 운용 관리 미흡
 ㅇ 대인소독실 설치 위치 부적절
 ㅇ 농장 울타리 설치 미흡
 ㅇ 농장 출입자 소독 미실시 및 농장 전용 방역복․신발 미착용 
 ㅇ 축사 출입자 전용 작업복․신발 미착용
 ㅇ 신발소독조 미비치
 ㅇ 차량용 소독기 소독약 미사용
 ㅇ 축산차량 미등록
 ㅇ 농장 출입출입 차량 2단계 소독 미실시 
 ㅇ 방역실(대인소독실) 설치 위치 부적절 
 ㅇ 소독약품 관리 미흡
 ㅇ 차단망 관리 미흡: 왕겨창고, 퇴비사
 ㅇ 출입기록부 작성 미흡"
220 ,고병원성조류인플루엔자(HPAI),전라남도 영암군 군서면 월곡리,해당없음,‘24.11.24.,"혼합사육
(닭,기러기)", 18 ," ㅇ 가축사육시설에 대한 주기적인 소독 미실시
 ㅇ 소독실시 기록부 미비치
 ㅇ 농장외부 방사 사육 
 ㅇ 분무용 소독장비, 신발소독조 미설치
 ㅇ 농장입구 차단시설 미설치
 ㅇ 왕겨보관창고 방조망 설치 미흡"
221 ,고병원성조류인플루엔자(HPAI),충청남도 서산시 고북면 사기리,주원산오리,‘24.11.25.,육용오리," 32,700 "," ㅇ 전실 운용 관리 미흡
 ㅇ 농장 출입자 전용 작업복·신발 미착용
 ㅇ 축사 출입자 전용 작업복·신발 미착용
 ㅇ 농장 출입차량 소독(2단계) 미실시
 ㅇ 로터리 장비 소독 미실시
 ㅇ 소독약품 관리 미흡 
 ㅇ 소독약품 희석 부적절
 ㅇ 차량용 소독기 차량 하부 소독 미흡"
222 ,고병원성조류인플루엔자(HPAI),전라남도 강진군 군동면 장산리,다솔,‘24.12.02.,육용오리," 23,000 ","ㅇ 전실 운용 관리 미흡
ㅇ 방역실 청소상태 미흡 및 방역실 외부 신발소독조 비치
ㅇ 농장 출입자 소독 미실시 및 전용 작업복·신발 미착용
ㅇ 축사 전용 작업복 ·신발 미착용
ㅇ 농장출입차량 2단계 소독 미실시
ㅇ 축사 외부 신발소독조 비치
ㅇ 출입차량의 차량소독 미흡(빠르게 통과)
ㅇ 농장운영차량 미등록
ㅇ 야생동물 차단 미흡
ㅇ 출입기록부 작성 미흡"
223 ,고병원성조류인플루엔자(HPAI),세종특별자치시 연동면 문주리,조인,‘24.12.02.,산란계," 236,800 ","ㅇ 야생조수류 차단 미흡
ㅇ 난좌운반기사 방역실 미이용"
224 ,고병원성조류인플루엔자(HPAI),전라북도 김제시 공덕면 회룡리,참프레,‘24.12.05.,육용오리," 19,000 "," ㅇ 신고 지연 
 ㅇ 농장 출입차량 소독 미실시
 ㅇ 농장 출입자 소독 미실시
 ㅇ 축사 출입자 전용 작업복 미착용 
 ㅇ 전실 운용 미흡: 손소독제 미비치, 청결·오염구역 미구분
 ㅇ CCTV 정상 작동 관리 미흡 
 ㅇ 인근 농장과 장비 공동사용
 ㅇ 농장 전용 작업복·신발 비치 부적절
 ㅇ 신발소독조 외부 비치
 ㅇ 농장 내 야생동물 유입차단 관리 미흡 
 ㅇ 출입기록부 작성 미흡"
225 ,고병원성조류인플루엔자(HPAI),경상북도 영천시 화남면 구전로,해당없음,‘24.12.11.,산란종계," 92,400 "," ㅇ 전실 미설치
 ㅇ 농장 울타리 일부 설치 미흡
 ㅇ 농장 출입자 소독 미실시 및 전용 작업복․신발 미착용
 ㅇ 외국인 근로자 고용 미신고
 ㅇ 백신접종팀 출입인원 등 사전 미신고
 ㅇ 농장 내 진입이 금지된 차량의 농장 진입
 ㅇ 농장 출입차량 2단계 소독 미실시
 ㅇ 농장 내 야생동물 유입차단 관리 미흡 "
226 ,고병원성조류인플루엔자(HPAI),전라북도 부안군 백산면 금판리,목우촌,‘24.12.12.,육용오리," 22,000 "," ㅇ 농장 출입구 차량용 소독시설 미설치
 ㅇ 차량용 소독시설 위치 부적절
 ㅇ 농장 출입차량 소독(1+2단계) 미실시
 ㅇ 농장 출입자 소독 미실시 및 전용 작업복 장화 미착용
 ㅇ 축사 출입자 전용 작업복․신발 미착용 
 ㅇ 전실관리 미흡: 전실 청결·오염 구분 미흡
 ㅇ 신발소독조 소독액 교체 미흡
 ㅇ 출입기록부 작성 미흡 
 ㅇ 소독약품 관리 미흡"
227 ,고병원성조류인플루엔자(HPAI),충청남도 청양군 비봉면 용화1길,해당없음,‘24.12.15.,산란계," 140,000 ","ㅇ 농장 출입차량 2단계 소독 미실시
 ㅇ 진입금지 차량의 농장 내 진입
 ㅇ 농장 출입자 전용 복장·신발 미착용
 ㅇ 농장 내 야생동물 유입차단 관리 미흡
 ㅇ AI 바이러스 효과 미인증 소독제 사용 
 ㅇ 알운송 팔레트 외부 방치
 ㅇ 전실 오염구역 내 신발소독조 미비치 
 ㅇ 농장 내 자택거주자(축사 미출입) 대인소독 미실시 "
228 ,고병원성조류인플루엔자(HPAI),전라북도 부안군 주산면 백석리,다솔,‘24.12.17.,육용오리," 32,000 "," ㅇ 차량용 소독시설 노즐 파손, 차량용 소독기 소독액 희석 미흡
 ㅇ 농장 출입자 소독 미실시 및 전용 방역복․신발 미착용
 ㅇ 축사 출입자 전용 작업복․신발 미착용
 ㅇ 전실 운영 관리 미흡
 ㅇ 농장 내 야생조류 유입 차단 관리 미흡
 ㅇ CCTV 정상 작동 관리 미흡
 ㅇ 로터리 장비 세척 및 소독 미흡
 ㅇ 농장 내부 초목 제거 미흡
 ㅇ 농장 내부 주기적 청소 미흡
 ㅇ 신발소독조 관리 미흡 "
229 ,고병원성조류인플루엔자(HPAI),경기도 김포시 통진읍 수참리,해당없음,‘24.12.19.,산란계," 73,063 ","ㅇ 농장 출입자 소독 미실시
 ㅇ 농장 출입차량(2단계) 소독 미실시 
 ㅇ 진입 금지 차량의 농장 내 진입 : 알운반 차량 5대(상시)
 ㅇ 외국인 근로자 고용 미신고 
 ㅇ 신발소독조 관리 미흡
 ㅇ 차량 소독(12,단계)시 서로 다른 약제 사용"
230 ,고병원성조류인플루엔자(HPAI),경기도 화성시 팔탄면 노하리,해당없음,‘24.12.21.,"혼합사육
(닭,기러기)", 195 ,"ㅇ가금농장 방사사육(~12.21.)
 ㅇ가축사육시설에 대한 주기적인 소독 미실시
 ㅇ소독실시 기록부 미비치 
 ㅇ분무용 소독장비, 신발소독조 미비치
 ㅇ농장 출입자 소독 미실시
 ㅇ농장 출입차량 소독 미실시
 ㅇ농장 내 야생동물 유입 차단 관리 미흡   
 ㅇ출입구 차단시설 미설치 "
231 ,고병원성조류인플루엔자(HPAI),전라북도 김제시 용지면 장신리,해당없음,‘24.12.22.,산란계," 75,000 "," ㅇ농장 출입차량 2단계 소독 미실시 
 ㅇ농장 출입자 소독 미실시 및 전용 작업복․신발 미착용
 ㅇ축사 출입자 전용 작업복․신발 미착용
 ㅇ농장 내 야생동물 유입차단 관리 미흡
 ㅇ신발소독조 관리 미흡
 ㅇ알 운반 팔레트 외부 방치 "
232 ,고병원성조류인플루엔자(HPAI),경기도 여주시 흥천면 능북로,해당없음,‘24.12.25.,산란계," 69,000 "," ㅇ농장입구 차량소독시설 및 고압분무기 미설치
 ㅇ농장입구 방역실 미설치
 ㅇ울타리 일부 설치 미흡
 ㅇ농장 출입차량(2단계) 소독 미실시 
 ㅇ농장 출입자 소독 미실시 및 전용 작업복․신발 미착용
 ㅇ농장 내 야생동물 유입차단 관리 미흡 
 ㅇ진입금지 차량의 농장 내 진입
 ㅇ신발소독조 미비치
 ㅇCCTV 정상작동 관리 미흡
 ㅇ소독약품 유효기간 경과 
 ㅇ출입기록부 작성 미흡 "
233 ,고병원성조류인플루엔자(HPAI),전라북도 부안군 하서면 언독리,제이디팜,‘24.12.27.,육용오리," 38,600 "," ㅇ농장 출입차량 소독(1+2단계) 미실시
 ㅇ농장 출입자 소독 미실시 및 전용 작업복․신발 미착용 
 ㅇ축사 출입자 소독 미실시 및 전용 작업복․신발 미착용
 ㅇ전실 설치 미흡
 ㅇ신발소독조 미비치
 ㅇ분동시 소독 미실시
 ㅇ농장 울타리 설치 미흡
 ㅇ소독약품 관리 미흡
 ㅇ농장 내 야생동물 유입차단 관리 미흡
 ㅇ폐사체 처리 미흡 "
234 ,고병원성조류인플루엔자(HPAI),충청북도 진천군 이월면 동성리,해당없음,‘24.12.27.,산란계," 15,695 "," ㅇ전실 설치 미흡
 ㅇ농장 출입차량 소독(1+2단계) 소독 미실시
 ㅇ농장 출입자 소독 미실시 및 전용 작업복․신발 미착용
 ㅇ진입금지 차량의 농장 내 진입
 ㅇ농장 내 야생동물 유입차단 관리 미흡
 ㅇ외국인 근로자 고용 미신고
 ㅇCCTV 정상 작동 관리 미흡
 ㅇ방역실 손소독제 미구비
 ㅇ알운송 팔레트 외부 보관 "
235 ,고병원성조류인플루엔자(HPAI),충청북도 음성군 대소면 삼호리,해당없음,‘24.12.30.,산란계," 42,651 "," ㅇ전실 설치 미흡
 ㅇ농장 출입차량 소독(1+2단계) 미실시
 ㅇ진입금지 차량의 농장 내 진입
 ㅇ농장 출입자 대인소독 미실시 및 전용 작업복․신발 미착용
 ㅇ농장 내 야생동물 유입차단 관리 미흡
 ㅇ외국인 근로자 고용미신고
 ㅇ신발소독조 미비치
 ㅇ축산차량 거점소독 미실시 등
 ㅇ일부차량 출입기록부 미기재 
 ㅇ농장 청소 상태 미흡 
 ㅇ신발소독조 외부 비치
 ㅇ알운송 팔레트 외부 보관
 ㅇ울타리 설치 미흡"
236 ,고병원성조류인플루엔자(HPAI),경기도 여주시 흥천면 능북로,해당없음,‘25.01.03.,산란계," 103,846 "," ㅇ농장 부출입구 차량용 소독시설 미설치
 ㅇ진입금지 차량의 농장 내 진입
 ㅇ농장 출입자 전용 작업복 미착용 
 ㅇ농장 내 야생동물 유입 차단 관리 미흡
 ㅇ외국인 종사자 고용 미신고 
 ㅇCCTV 정상작동 관리 미흡
 ㅇ알운송 팔레트 농장 외부 보관 
 ㅇ소독약품 관리 미흡
 ㅇ출입기록부 작성 미흡"
237 ,고병원성조류인플루엔자(HPAI),전라북도 김제시 공덕면 동계리,참프레,‘25.01.05.,육용오리," 17,400 "," ㅇ 농장 출입자 소독 미실시 및 전용 작업복․신발 미착용
 ㅇ 축사 출입자 소독 미실시 및 전용 작업복․신발 미착용
 ㅇ 로터리 장비 소독 세척․소독 미실시
 ㅇ 농장 내 야생동물 유입차단 관리 미흡 
 ㅇ 울타리 일부 설치 미흡
 ㅇ CCTV 정상 작동 관리 미흡"
238 ,고병원성조류인플루엔자(HPAI),충청남도 당진시 송산면 사들구지길,해당없음,‘25.01.09.,육용종계," 33,000 "," ㅇ 전실 설치 미흡
 ㅇ 농장 출입차량 소독(1+2단계) 미실시
 ㅇ 농장 출입자 소독 미실시 및 전용 작업복․신발 미착용
 ㅇ 축사 출입자 전용 작업복 미착용
 ㅇ CCTV 정상작동 관리 미흡
 ㅇ 알 외부환적장 소독 미실시 등 방역조치 미흡
 ㅇ 신발소독조 관리 미흡
 ㅇ 소독약품 관리 미흡
 ㅇ 출입기록부 작성 미흡
 ㅇ 방역실 방역물품 보관 관리 미흡
 ㅇ 농장보유차량(알환적) 축산차량 등록 필요
 ㅇ 폐사체 외부(가족농장)에서 처리 "
239 ,고병원성조류인플루엔자(HPAI),전라북도 부안군 줄포면 신리,다솔,‘25.01.09.,육용오리," 24,000 "," ㅇ 농장 출입자 방역실 미이용
 ㅇ 로터리·왕겨살포기 세척․소독 미실시
 ㅇ 축사 출입자 전용 작업복 미착용 
 ㅇ 신발소독조 관리 미흡"
240 ,고병원성조류인플루엔자(HPAI),충청북도 음성군 대소면 부윤리,해당없음,‘25.01.13.,산란계," 19,600 ","  ㅇ 전실 설치 미흡
 ㅇ 농장 출입자 소독 미실시 및 전용 작업복․신발 미착용
 ㅇ 진입 금지 차량의 농장 내 진입
 ㅇ 야생동물의 농장 내 유입 차단 미흡
 ㅇ 축사 출입자 전용 작업복․신발 미착용
 ㅇ 외국인 근로자 고용 미신고
 ㅇ 신발소독조 미비치
 ㅇ 축산차량 거점소독 미실시 및 소독필증 미보관 등
 ㅇ CCTV 정상 작동 관리 미흡
 ㅇ 출입기록부 작성 미흡
 ㅇ 폐사체 처리 미흡
 ㅇ 울타리 설치 미흡
 ㅇ 부출입구 출입 관리 철저"
241 ,고병원성조류인플루엔자(HPAI),경상남도 창녕군 대합면 대곡리,제이디팜,‘25.01.13.,육용오리," 21,000 ","ㅇ 농장 울타리 설치 미흡
 ㅇ 농장 출입차량 소독(1+2단계) 미실시
 ㅇ 농장 출입자 소독 미실시 및 전용 작업복․신발 미착용
 ㅇ 축사 출입자 소독 미실시 및 전용 작업복․신발 미착용
 ㅇ 야생동물의 농장 내 유입차단 관리 미흡
 ㅇ CCTV 정상작동 관리 미흡
 ㅇ 로터리 장비 세척·소독 미실시
 ㅇ 신발소독조 미비치 
 ㅇ 전실 위치 부적절
 ㅇ 신발소독조 관리 미흡
 ㅇ 소독약품 관리 미흡
 ㅇ 농장 내 청소 상태 미흡"
242 ,고병원성조류인플루엔자(HPAI),경상남도 거창군 가조면 동례리,주원산오리,‘25.01.15.,육용오리," 23,992 "," ㅇ 전실 위치 부적절
 ㅇ 농장 출입차량 소독(1+2단계) 미실시
 ㅇ 농장 출입자 소독 미실시 및 전용 작업복․신발 미착용
 ㅇ 축사 출입자 소독 미실시 및 전용 작업복․신발 미착용
 ㅇ 야생동물의 농장 내 유입차단 관리 미흡
 ㅇ 로터리장비·왕겨살포기 세척·소독 미실시"
243 ,고병원성조류인플루엔자(HPAI),전라남도 담양군 무정면 성도리,제이디팜,‘25.01.17.,육용오리," 11,700 "," ㅇ 농장 출입구 차량용 소독시설·고압분무기·분무용 소독설비 미설치
 ㅇ 전실 위치 부적절
 ㅇ 농장 출입차량 소독(1+2단계) 미실시
 ㅇ 농장 출입자 소독 미실시 
 ㅇ 축사 출입자 소독 미실시 및 전용 작업복 미착용
 ㅇ 로터리장비·왕겨살포기 세척·소독 미실시"
244 ,고병원성조류인플루엔자(HPAI),경상북도 구미시 도개면 가산리,주원산오리,‘25.01.21.,종오리," 7,000 "," ㅇ 전실 설치 미흡 및 전실 위치 부적절
 ㅇ 왕겨창고․퇴비사 차단망 미설치
 ㅇ 울타리 일부 설치 미흡
 ㅇ 농장 출입차량 소독(1+2단계) 미실시
 ㅇ 농장 출입자 소독 미실시 및 전용 작업복 신발 미착용 
 ㅇ 축사 출입자 소독 미실시 및 전용 작업복 신발 미착용
 ㅇ 신발소독조 미비치, 신발소독조 관리 미흡
 ㅇ 진입 금지 차량의 농장 내 진입 
 ㅇ 차량용 소독기 관리 미흡
 ㅇ 야생동물의 농장 내 유입차단 관리 미흡
 ㅇ CCTV 정상 작동 관리 미흡
 ㅇ 출입기록부 작성 미흡"
245 ,고병원성조류인플루엔자(HPAI),충청북도 진천군 덕산읍 화상리,목우촌,‘25.01.24.,육용오리," 13,000 "," ㅇ 축사 출입자 전용 작업복 미착용
 ㅇ 전실 운영 관리 미흡
 ㅇ CCTV 정상 작동 관리 미흡
 ㅇ 소독약품 관리 미흡
 ㅇ 폐사체 처리 관리 미흡
 ㅇ 청소 상태 미흡
 ㅇ 분동 장비 외부 보관"
246 ,고병원성조류인플루엔자(HPAI),전라북도 김제시 공덕면 황상2길,해당없음,‘25.01.30.,산란계," 85,000 ","ㅇ 전실 미설치 및 관리 미흡
ㅇ 축사 출입자 전용 작업복 미착용 
ㅇ 야생동물 유입 차단 관리 미흡
ㅇ CCTV 정상 작동 관리 미흡
ㅇ 진입 금지 차량의 농장 내 진입
ㅇ 축사 뒷문 미폐쇄 
ㅇ 소독약품 관리 미흡 "
247 ,고병원성조류인플루엔자(HPAI),전라북도 부안군 계화면 궁안리,삼호유황오리,‘25.01.31.,육용오리," 26,500 ","ㅇ 농장 출입자 소독 미실시 및 전용 작업복·신발 미착용
ㅇ 축사 출입자 소독 미실시 및 전용 작업복·신발 미착용
ㅇ 신발소독조 미설치 
ㅇ 농장 출입차량 소독(2단계) 미실시
ㅇ 로터리 장비 세척․소독 미실시 
ㅇ 분동 시 소독 미실시
ㅇ 초목제거 미흡
ㅇ 농장 울타리 설치 미흡
ㅇ 페사일지 기록 미흡
ㅇ CCTV 정상작동 관리 미흡"
248 ,고병원성조류인플루엔자(HPAI),전라남도 함평군 함평읍 진양리,사조원,‘25.02.01.,종오리," 12,000 ","ㅇ 농장 출입자 전용 방역복․신발 미착용
ㅇ 축사 전용 작업복․신발 미착용
ㅇ 축산차량 미등록 
ㅇ 진입금지 차량의 농장 내 진입
ㅇ 부출입구 방역실 미설치 등
ㅇ 야생동물 유입차단 관리 미흡
ㅇ 출입기록부 작성 미흡"
249 ,고병원성조류인플루엔자(HPAI),충청북도 진천군 초평면 오갑리,해당없음,‘25.02.04.,산란중추," 115,000 ","ㅇ 차량용 소독시설․고압분무기․방역실 미설치
ㅇ 전실 설치 미흡 
ㅇ 농장 출입차량 소독 미실시 
ㅇ 농장 출입자 소독 미실시 및 전용 작업복․신발 미착용
ㅇ 축사 출입자 전용 작업복․신발 미착용
ㅇ CCTV 정상작동 관리 미흡 
ㅇ 농장 출입차량 2단계 소독 미실시
ㅇ 백신접종팀 농장 진입 전 관할 시군구에 미신고
ㅇ 방역물품 미비치 "
250 ,고병원성조류인플루엔자(HPAI),전라북도 군산시 나포면 부곡리,온누리,‘25.02.07.,토종닭," 17,000 ","ㅇ 농장 출입자 소독 미실시 및 전용 작업복․신발 미착용 
 ㅇ 축사 출입자 소독 미실시 및 전용 작업복․신발 미착용
 ㅇ 전실 운영 관리 미흡
 ㅇ 출입차량 2단계 소독 미실시
 ㅇ 차량용 소독기 관리 미흡 
 ㅇ 출입구 방역실 및 고압분무기 미설치
 ㅇ CCTV 정상 작동 관리 미흡
 ㅇ 출입기록부 작성 미흡 
 ㅇ 소독제 관리 미흡·
 ㅇ 울타리 설치 일부 미흡
 ㅇ 상하차반 농장 진입 전 관할 시군구에 미신고"
251 ,고병원성조류인플루엔자(HPAI),전라북도 김제시 백산면 상리,해당없음,‘25.02.09.,산란계," 85,000 ","ㅇ 전실 운영 관리 미흡
 ㅇ 야생동물의 농장 내 유입차단 관리 미흡
 ㅇ 전실이 설치되지 않는 뒷문으로 출입
 ㅇ 진입금지 차량의 농장 내 진입
 ㅇ 소독약품 관리 미흡
 ㅇ 신발소독조 관리 미흡
 ㅇ 알운송 파레트 외부 보관
 ㅇ 소독약 적정 희석비율 미준수"
252 ,고병원성조류인플루엔자(HPAI),전라남도 영광군 대마면 원당길1길,다솔,‘25.03.04.,육용오리," 16,000 "," ㅇ 농장 출입구 차량용 소독시설․방역실 미설치 
 ㅇ 전실 설치 미흡
 ㅇ 축사 출입자 전용 작업복 미착용
 ㅇ CCTV 정상 작동 관리 미흡
 ㅇ 전실이 설치되지 않는 뒷문으로 출입
 ㅇ 소독약품 관리 미흡
 ㅇ 분동 관리 미흡
 ㅇ 축산차량 미등록"
253 ,고병원성조류인플루엔자(HPAI),충청남도 천안시 동남구 풍세면 보성리,해당없음,‘25.03.08.,산란계," 113,309 "," ㅇ 농장 출입자 소독 미실시 및 전용 작업복 신발․미착용
 ㅇ 농장 내 야생동물 유입차단 관리 미흡
 ㅇ 농장 출입차량(2단계) 소독 미실시
 ㅇ 진입금지 차량의 농장 내 진입
 ㅇ 전실 운영 관리 미흡  
 ㅇ CCTV 정상 작동 관리 미흡"
254 ,고병원성조류인플루엔자(HPAI),충청남도 천안시 동남구 풍세면 가송리,해당없음,‘25.03.19.,산란계," 80,000 "," ㅇ 농장 출입차량 소독(1·2단계) 미실시
 ㅇ 농장 출입자 전용 신발 미착용
 ㅇ 야생동물 유입차단 관리 미흡
 ㅇ 전실 운영 관리 미흡"
255 ,고병원성조류인플루엔자(HPAI),세종특별자치시 전의면 유천리,해당없음,‘25.03.19.,산란계," 65,000 "," ㅇ 농장 울타리 일부 설치 미흡
 ㅇ CCTV 정상 작동 관리 미흡
 ㅇ 농장 내 야생동물 유입차단 관리 미흡
 ㅇ 진입 금지 차량의 농장 내 진입
 ㅇ 부출입구 방역물품 미비치"
256 ,고병원성조류인플루엔자(HPAI),충청북도 청주시 흥덕구 오송읍 동평리,해당없음,‘25.03.20.,산란계," 53,500 "," ㅇ 야생동물의 농장 내 유입 차단 관리 미흡
 ㅇ 가족농장 간 장비 공동 사용
 ㅇ CCTV 정상 작동 관리 미흡
 ㅇ 전실 내부 세척·소독 미흡"
257 ,고병원성조류인플루엔자(HPAI),세종특별자치시 소정면 대곡리,해당없음,‘25.03.21.,산란계," 89,000 "," ㅇ 방역실 농장 전용 작업복 미비치
 ㅇ 축사 출입자 전용 작업복 미착용
 ㅇ CCTV 정상 작동 관리 미흡
 ㅇ 야생동물의 농장 내 유입 차단 관리 미흡
 ㅇ 전실이 설치되지 않는 뒷문으로 출입
 ㅇ 신발소독조 관리 미흡"
258 ,고병원성조류인플루엔자(HPAI),세종특별자치시 전의면 유천리,해당없음,‘25.03.22.,산란계," 88,000 "," ㅇ 농장 출입자 소독 미실시 및 전용 작업복·신발 미착용
 ㅇ 진입금지 차량의 농장 내 진입
 ㅇ 전실이 설치되지 않는 뒷문으로 출입 
 ㅇ 야생동물 농장 내 유입차단 관리 미흡
 ㅇ 전실 운영 관리 미흡
 ㅇ 출입기록부 작성 미흡"
259 ,고병원성조류인플루엔자(HPAI),충청남도 천안시 동남구 풍세면 용정리,해당없음,‘25.03.25.,산란계," 100,000 "," ㅇ 농장 출입자 소독 미실시 및 전용 작업복·신발 미착용
 ㅇ 전실 운영 관리 미흡
 ㅇ 출입기록부 작성 미흡"
260 ,고병원성조류인플루엔자(HPAI),충청남도 천안시 동남구 성남면 봉암리,해당없음,‘25.04.03.,산란계," 193,000 "," ㅇ 농장 출입자 소독 미실시 및 전용 작업복·신발 미착용
 ㅇ 농장 내 야생동물 유입차단 관리 미흡
 ㅇ 농장 출입차량 2단계 소독 미실시
 ㅇ 진입금지 차량의 농장 내 진입
 ㅇ 신발소독조 관리 미흡
 ㅇ 출입기록부 작성 미흡
 ㅇ CCTV 정상 작동 관리 미흡"
261 ,고병원성조류인플루엔자(HPAI),충청남도 아산시 음봉면 덕지리,해당없음,‘25.04.04.,산란계," 136,000 ","ㅇ 농장 출입자 소독 미실시 및 방역복․신발 미착용 
 ㅇ 전실 운영 관리 미흡
 ㅇ 농장 내 야생동물 유입차단 관리 미흡 
 ㅇ 농장 출입차량 2단계 소독 미실시
 ㅇ 전실이 설치되지 않는 뒷문 출입
 ㅇ 축산차량 거점소독 미실시
 ㅇ 출입기록부 작성 미흡 "
262 ,고병원성조류인플루엔자(HPAI),충청북도 청주시 북이면 화하리,엠에스푸드,‘25.04.04.,육용오리," 14,000 "," ㅇ 전실 운영 관리 미흡
 ㅇ 농장 출입차량 소독(1․2단계) 미실시
 ㅇ 농장 출입자 소독 미실시 및 전용 작업복 미착용
 ㅇ 축사 출입자 소독 미실시 및 전용 작업복․신발 미착용
 ㅇ 분동 작업시 소독 미실시
 ㅇ 왕겨살포기 소독 미실시 
 ㅇ 소독약품 관리 미흡
 ㅇ 농장 내 야생동물 유입차단 관리 미흡
 ㅇ 농장 내 청소 미흡"
263 ,고병원성조류인플루엔자(HPAI),충청남도 아산시 음봉면 신정리,움찬,‘25.04.19.,토종닭," 30,000 "," ㅇ 농장 출입구 방역실 미설치
 ㅇ 농장 울타리 설치 미흡
 ㅇ 농장 출입자 소독 미실시 및 전용 작업복․신발 미착용
 ㅇ 전실 운영 관리 미흡
 ㅇ 축사 출입자 전용 작업복 미착용
 ㅇ 축산차량 미등록 
 ㅇ 농장 내 야생동물 유입차단 관리 미흡
 ㅇ 농장 출입차량(2단계) 소독 미실시 
 ㅇ 차량용 소독기 관리 미흡
 ㅇ 출입기록부 작성 미흡
 ㅇ CCTV 정상 작동 관리 미흡"
264 ,고병원성조류인플루엔자(HPAI),충청남도 서산시 고북면 사기리,주원산오리,‘25.06.14.,육용오리," 28,000 "," ㅇ 농장 입구 차량용 소독시설 미설치
 ㅇ 농장 울타리 설치 미흡
 ㅇ 농장 출입차량 소독(1+2단계) 미실시 
 ㅇ 농장 출입자 소독 미실시 및 전용 작업복․신발 미착용
 ㅇ 전실 운영 관리 미흡
 ㅇ 병명이 분명하지 아니한 질병으로 죽은 가축 미신고
 ㅇ 로터리 장비 소독 미실시 및 분동시 소독 미실시
 ㅇ 야생동물 유입차단 관리 미흡
 ㅇ 신발소독조 관리 미흡"
